Gfx castle_grounds_dl_boatside_ci4_aligner[] = {gsSPEndDisplayList()};
u8 castle_grounds_dl_boatside_ci4[] = {
	0x01, 0x22, 0x23, 0x22, 0x02, 0x32, 0x22, 0x23, 
	0x21, 0x23, 0x42, 0x23, 0x22, 0x23, 0x32, 0x32, 
	0x01, 0x23, 0x22, 0x52, 0x36, 0x23, 0x22, 0x23, 
	0x23, 0x33, 0x23, 0x22, 0x53, 0x20, 0x22, 0x22, 
	0x32, 0x32, 0x03, 0x33, 0x33, 0x32, 0x12, 0x23, 
	0x33, 0x02, 0x23, 0x22, 0x24, 0x22, 0x22, 0x33, 
	0x23, 0x32, 0x33, 0x22, 0x23, 0x23, 0x22, 0x32, 
	0x23, 0x22, 0x32, 0x23, 0x33, 0x22, 0x22, 0x32, 
	0x23, 0x22, 0x32, 0x02, 0x23, 0x30, 0x33, 0x23, 
	0x22, 0x22, 0x33, 0x31, 0x21, 0x33, 0x33, 0x32, 
	0x22, 0x23, 0x33, 0x34, 0x22, 0x23, 0x33, 0x23, 
	0x32, 0x23, 0x43, 0x32, 0x32, 0x22, 0x32, 0x23, 
	0x22, 0x32, 0x32, 0x32, 0x23, 0x33, 0x24, 0x22, 
	0x32, 0x23, 0x33, 0x33, 0x20, 0x32, 0x22, 0x22, 
	0x12, 0x22, 0x23, 0x02, 0x23, 0x21, 0x23, 0x23, 
	0x12, 0x33, 0x23, 0x33, 0x32, 0x13, 0x33, 0x22, 
	0x23, 0x24, 0x32, 0x32, 0x33, 0x23, 0x22, 0x22, 
	0x33, 0x32, 0x22, 0x04, 0x03, 0x02, 0x12, 0x33, 
	0x02, 0x32, 0x12, 0x22, 0x33, 0x32, 0x21, 0x00, 
	0x10, 0x32, 0x32, 0x33, 0x32, 0x32, 0x32, 0x42, 
	0x22, 0x32, 0x22, 0x33, 0x22, 0x32, 0x30, 0x32, 
	0x23, 0x42, 0x12, 0x20, 0x12, 0x33, 0x23, 0x01, 
	0x22, 0x22, 0x32, 0x23, 0x22, 0x22, 0x22, 0x02, 
	0x32, 0x23, 0x22, 0x32, 0x23, 0x23, 0x30, 0x22, 
	0x24, 0x23, 0x20, 0x31, 0x23, 0x22, 0x32, 0x12, 
	0x23, 0x33, 0x01, 0x02, 0x32, 0x02, 0x33, 0x32, 
	0x32, 0x23, 0x33, 0x32, 0x00, 0x22, 0x32, 0x32, 
	0x12, 0x32, 0x32, 0x31, 0x33, 0x21, 0x30, 0x22, 
	0x23, 0x22, 0x22, 0x23, 0x30, 0x22, 0x30, 0x22, 
	0x20, 0x03, 0x62, 0x32, 0x32, 0x32, 0x32, 0x23, 
	0x12, 0x32, 0x32, 0x33, 0x22, 0x23, 0x23, 0x31, 
	0x12, 0x21, 0x12, 0x21, 0x03, 0x22, 0x02, 0x23, 
	0x20, 0x33, 0x23, 0x22, 0x13, 0x32, 0x23, 0x32, 
	0x21, 0x22, 0x22, 0x32, 0x21, 0x22, 0x32, 0x32, 
	0x11, 0x22, 0x23, 0x32, 0x20, 0x23, 0x22, 0x42, 
	0x22, 0x32, 0x12, 0x22, 0x03, 0x22, 0x21, 0x32, 
	0x33, 0x02, 0x33, 0x21, 0x22, 0x33, 0x23, 0x32, 
	0x22, 0x13, 0x32, 0x31, 0x34, 0x12, 0x22, 0x21, 
	0x13, 0x02, 0x33, 0x21, 0x22, 0x23, 0x12, 0x22, 
	0x00, 0x22, 0x32, 0x32, 0x22, 0x32, 0x32, 0x32, 
	0x77, 0x77, 0x77, 0x77, 0x77, 0x87, 0x77, 0x77, 
	0x77, 0x77, 0x77, 0x78, 0x77, 0x77, 0x77, 0x77, 
	0x77, 0x77, 0x77, 0x77, 0x77, 0x77, 0x77, 0x77, 
	0x77, 0x77, 0x77, 0x79, 0x77, 0x77, 0x77, 0x77, 
	0x77, 0x77, 0x77, 0x77, 0x77, 0x77, 0x77, 0x77, 
	0x77, 0x77, 0x77, 0x77, 0x77, 0x77, 0x77, 0x7a, 
	0x77, 0xa7, 0x77, 0x77, 0x77, 0x77, 0x79, 0x77, 
	0x77, 0x9b, 0x77, 0x77, 0x77, 0x77, 0x77, 0x77, 
	0x77, 0x77, 0x97, 0x77, 0x77, 0x7a, 0x77, 0x97, 
	0x77, 0x77, 0x77, 0x77, 0x77, 0x77, 0x77, 0x77, 
	0x77, 0x77, 0x77, 0x77, 0x77, 0x77, 0x77, 0x77, 
	0x77, 0x77, 0x77, 0x77, 0x77, 0x77, 0x77, 0x77, 
	0x77, 0x77, 0x77, 0x77, 0x79, 0x77, 0x77, 0x77, 
	0x77, 0x77, 0x77, 0x77, 0x77, 0x77, 0x77, 0x77, 
	0x77, 0x77, 0x77, 0x9c, 0x77, 0x77, 0x77, 0x77, 
	0xa7, 0x77, 0x77, 0x79, 0x77, 0x77, 0x77, 0x77, 
	0x79, 0x77, 0x77, 0x77, 0x79, 0x77, 0x77, 0x77, 
	0x77, 0x77, 0x77, 0x77, 0x7a, 0x77, 0x97, 0x77, 
	0x77, 0x77, 0x77, 0x77, 0x77, 0x77, 0x97, 0x77, 
	0x77, 0xb7, 0x97, 0x77, 0x77, 0x77, 0x77, 0x77, 
	0x77, 0x77, 0x77, 0x77, 0x77, 0x77, 0x77, 0x77, 
	0x77, 0x77, 0x77, 0x77, 0x77, 0x97, 0x77, 0x77, 
	0x77, 0x77, 0xa7, 0x77, 0x77, 0x77, 0x77, 0x77, 
	0x77, 0x79, 0x77, 0x77, 0x77, 0x77, 0x77, 0x99, 
	
};

Gfx castle_grounds_dl_boatside_pal_rgba16_aligner[] = {gsSPEndDisplayList()};
u8 castle_grounds_dl_boatside_pal_rgba16[] = {
	0x04, 0x6d, 0x0c, 0xef, 0x04, 0xaf, 0x04, 0xad, 
	0x04, 0xef, 0x0c, 0xf1, 0x0c, 0xaf, 0xff, 0xff, 
	0xff, 0xbd, 0xf7, 0xbd, 0xf7, 0xbf, 0xff, 0xbf, 
	0xff, 0xfd, 
};

Gfx castle_grounds_dl_wood_ci8_aligner[] = {gsSPEndDisplayList()};
u8 castle_grounds_dl_wood_ci8[] = {
	0x00, 0x01, 0x02, 0x01, 0x01, 0x00, 0x00, 0x01, 
	0x01, 0x03, 0x02, 0x03, 0x03, 0x03, 0x01, 0x01, 
	0x01, 0x00, 0x00, 0x01, 0x01, 0x01, 0x03, 0x01, 
	0x00, 0x01, 0x01, 0x01, 0x00, 0x01, 0x03, 0x01, 
	0x04, 0x00, 0x01, 0x01, 0x01, 0x01, 0x05, 0x01, 
	0x01, 0x01, 0x01, 0x01, 0x01, 0x01, 0x01, 0x01, 
	0x00, 0x00, 0x00, 0x01, 0x01, 0x01, 0x03, 0x01, 
	0x04, 0x01, 0x01, 0x04, 0x04, 0x01, 0x01, 0x01, 
	0x01, 0x00, 0x01, 0x01, 0x01, 0x01, 0x00, 0x00, 
	0x01, 0x01, 0x01, 0x01, 0x01, 0x01, 0x01, 0x00, 
	0x05, 0x00, 0x00, 0x01, 0x01, 0x01, 0x01, 0x04, 
	0x00, 0x01, 0x01, 0x00, 0x01, 0x01, 0x01, 0x00, 
	0x01, 0x00, 0x04, 0x01, 0x01, 0x01, 0x01, 0x00, 
	0x00, 0x01, 0x01, 0x01, 0x01, 0x01, 0x00, 0x06, 
	0x00, 0x00, 0x01, 0x01, 0x01, 0x01, 0x01, 0x00, 
	0x01, 0x01, 0x01, 0x00, 0x01, 0x01, 0x01, 0x00, 
	0x01, 0x00, 0x00, 0x01, 0x01, 0x01, 0x01, 0x01, 
	0x00, 0x01, 0x01, 0x01, 0x01, 0x00, 0x06, 0x05, 
	0x00, 0x01, 0x01, 0x01, 0x01, 0x01, 0x00, 0x00, 
	0x01, 0x01, 0x04, 0x04, 0x01, 0x01, 0x04, 0x00, 
	0x01, 0x01, 0x00, 0x04, 0x01, 0x01, 0x01, 0x01, 
	0x04, 0x05, 0x00, 0x00, 0x00, 0x06, 0x00, 0x00, 
	0x00, 0x01, 0x01, 0x01, 0x01, 0x01, 0x00, 0x00, 
	0x01, 0x01, 0x00, 0x01, 0x01, 0x01, 0x00, 0x00, 
	0x01, 0x01, 0x00, 0x04, 0x01, 0x01, 0x01, 0x01, 
	0x01, 0x00, 0x05, 0x05, 0x05, 0x00, 0x00, 0x00, 
	0x01, 0x01, 0x03, 0x01, 0x01, 0x01, 0x00, 0x04, 
	0x01, 0x01, 0x00, 0x01, 0x01, 0x01, 0x00, 0x01, 
	0x04, 0x01, 0x04, 0x00, 0x04, 0x01, 0x01, 0x01, 
	0x01, 0x01, 0x00, 0x00, 0x00, 0x00, 0x04, 0x01, 
	0x01, 0x01, 0x01, 0x01, 0x01, 0x04, 0x00, 0x01, 
	0x01, 0x01, 0x00, 0x01, 0x01, 0x04, 0x00, 0x01, 
	0x04, 0x01, 0x01, 0x05, 0x00, 0x01, 0x01, 0x01, 
	0x01, 0x01, 0x01, 0x01, 0x01, 0x00, 0x00, 0x01, 
	0x01, 0x01, 0x01, 0x01, 0x01, 0x00, 0x00, 0x01, 
	0x01, 0x04, 0x00, 0x01, 0x01, 0x00, 0x00, 0x01, 
	0x04, 0x04, 0x01, 0x00, 0x00, 0x01, 0x01, 0x01, 
	0x01, 0x01, 0x01, 0x01, 0x01, 0x01, 0x01, 0x01, 
	0x01, 0x01, 0x01, 0x01, 0x01, 0x00, 0x00, 0x01, 
	0x01, 0x00, 0x04, 0x01, 0x01, 0x00, 0x00, 0x01, 
	0x00, 0x04, 0x01, 0x01, 0x05, 0x04, 0x01, 0x01, 
	0x01, 0x01, 0x01, 0x01, 0x01, 0x01, 0x01, 0x01, 
	0x01, 0x01, 0x01, 0x01, 0x00, 0x00, 0x01, 0x01, 
	0x01, 0x00, 0x01, 0x01, 0x00, 0x00, 0x01, 0x01, 
	0x05, 0x04, 0x01, 0x01, 0x00, 0x00, 0x01, 0x01, 
	0x01, 0x01, 0x01, 0x01, 0x01, 0x01, 0x01, 0x01, 
	0x01, 0x01, 0x01, 0x01, 0x00, 0x00, 0x01, 0x01, 
	0x01, 0x00, 0x01, 0x01, 0x00, 0x00, 0x01, 0x01, 
	0x00, 0x00, 0x04, 0x01, 0x04, 0x05, 0x04, 0x01, 
	0x01, 0x01, 0x01, 0x01, 0x04, 0x01, 0x01, 0x01, 
	0x01, 0x01, 0x01, 0x00, 0x00, 0x04, 0x01, 0x01, 
	0x01, 0x00, 0x01, 0x01, 0x00, 0x00, 0x01, 0x01, 
	0x00, 0x00, 0x00, 0x01, 0x01, 0x05, 0x00, 0x01, 
	0x01, 0x01, 0x01, 0x01, 0x01, 0x01, 0x01, 0x01, 
	0x01, 0x01, 0x01, 0x05, 0x00, 0x04, 0x01, 0x01, 
	0x04, 0x00, 0x01, 0x00, 0x00, 0x01, 0x01, 0x01, 
	0x00, 0x00, 0x00, 0x04, 0x01, 0x00, 0x05, 0x04, 
	0x01, 0x01, 0x01, 0x01, 0x01, 0x01, 0x01, 0x01, 
	0x01, 0x01, 0x04, 0x05, 0x00, 0x01, 0x01, 0x01, 
	0x00, 0x04, 0x01, 0x00, 0x00, 0x01, 0x01, 0x01, 
	0x01, 0x00, 0x00, 0x00, 0x01, 0x04, 0x05, 0x00, 
	0x01, 0x01, 0x01, 0x01, 0x01, 0x01, 0x01, 0x01, 
	0x01, 0x01, 0x00, 0x00, 0x04, 0x01, 0x01, 0x01, 
	0x00, 0x01, 0x01, 0x00, 0x04, 0x01, 0x01, 0x01, 
	0x01, 0x00, 0x00, 0x00, 0x04, 0x01, 0x00, 0x05, 
	0x01, 0x01, 0x01, 0x01, 0x01, 0x01, 0x01, 0x01, 
	0x01, 0x00, 0x05, 0x00, 0x01, 0x01, 0x01, 0x04, 
	0x00, 0x01, 0x04, 0x00, 0x01, 0x01, 0x01, 0x01, 
	0x00, 0x04, 0x00, 0x00, 0x04, 0x04, 0x00, 0x05, 
	0x04, 0x01, 0x01, 0x01, 0x01, 0x01, 0x01, 0x01, 
	0x04, 0x05, 0x05, 0x00, 0x01, 0x01, 0x01, 0x00, 
	0x00, 0x01, 0x00, 0x00, 0x01, 0x01, 0x01, 0x01, 
	0x00, 0x01, 0x00, 0x00, 0x00, 0x01, 0x01, 0x05, 
	0x06, 0x01, 0x01, 0x01, 0x01, 0x01, 0x01, 0x00, 
	0x06, 0x06, 0x00, 0x01, 0x01, 0x01, 0x01, 0x00, 
	0x04, 0x01, 0x00, 0x04, 0x01, 0x01, 0x01, 0x04, 
	0x05, 0x00, 0x00, 0x00, 0x00, 0x01, 0x01, 0x00, 
	0x05, 0x00, 0x04, 0x01, 0x01, 0x01, 0x00, 0x06, 
	0x06, 0x00, 0x00, 0x01, 0x01, 0x01, 0x04, 0x00, 
	0x01, 0x01, 0x00, 0x01, 0x01, 0x01, 0x00, 0x00, 
	0x05, 0x00, 0x04, 0x00, 0x00, 0x00, 0x01, 0x01, 
	0x00, 0x05, 0x00, 0x01, 0x01, 0x00, 0x07, 0x06, 
	0x00, 0x00, 0x01, 0x01, 0x01, 0x01, 0x00, 0x00, 
	0x01, 0x00, 0x00, 0x01, 0x01, 0x01, 0x00, 0x04, 
	0x00, 0x05, 0x04, 0x00, 0x00, 0x00, 0x04, 0x01, 
	0x00, 0x05, 0x06, 0x00, 0x06, 0x07, 0x05, 0x00, 
	0x00, 0x00, 0x01, 0x01, 0x01, 0x01, 0x00, 0x04, 
	0x01, 0x00, 0x00, 0x01, 0x01, 0x04, 0x04, 0x00, 
	0x04, 0x05, 0x00, 0x04, 0x05, 0x00, 0x00, 0x01, 
	0x04, 0x00, 0x05, 0x06, 0x06, 0x05, 0x00, 0x00, 
	0x00, 0x01, 0x01, 0x01, 0x01, 0x04, 0x00, 0x04, 
	0x01, 0x00, 0x00, 0x01, 0x01, 0x04, 0x04, 0x00, 
	0x04, 0x05, 0x00, 0x04, 0x00, 0x00, 0x00, 0x01, 
	0x01, 0x04, 0x00, 0x00, 0x00, 0x00, 0x00, 0x00, 
	0x01, 0x01, 0x01, 0x01, 0x01, 0x00, 0x00, 0x04, 
	0x01, 0x00, 0x00, 0x01, 0x01, 0x01, 0x01, 0x05, 
	0x04, 0x05, 0x05, 0x04, 0x00, 0x05, 0x00, 0x00, 
	0x01, 0x01, 0x01, 0x00, 0x00, 0x00, 0x00, 0x01, 
	0x01, 0x01, 0x01, 0x01, 0x04, 0x00, 0x00, 0x00, 
	0x01, 0x00, 0x01, 0x01, 0x01, 0x01, 0x00, 0x06, 
	0x00, 0x00, 0x05, 0x04, 0x00, 0x05, 0x05, 0x00, 
	0x01, 0x01, 0x01, 0x01, 0x00, 0x04, 0x04, 0x01, 
	0x01, 0x01, 0x01, 0x01, 0x00, 0x05, 0x00, 0x00, 
	0x00, 0x00, 0x01, 0x01, 0x01, 0x04, 0x00, 0x06, 
	0x00, 0x04, 0x05, 0x00, 0x04, 0x00, 0x05, 0x00, 
	0x00, 0x01, 0x01, 0x01, 0x01, 0x01, 0x01, 0x01, 
	0x01, 0x01, 0x01, 0x04, 0x00, 0x05, 0x00, 0x00, 
	0x00, 0x00, 0x01, 0x01, 0x00, 0x00, 0x06, 0x06, 
	0x05, 0x00, 0x00, 0x00, 0x01, 0x00, 0x05, 0x00, 
	0x00, 0x00, 0x04, 0x01, 0x01, 0x01, 0x01, 0x01, 
	0x01, 0x01, 0x01, 0x00, 0x05, 0x05, 0x00, 0x01, 
	0x00, 0x00, 0x01, 0x01, 0x04, 0x00, 0x06, 0x00, 
	0x00, 0x00, 0x00, 0x05, 0x00, 0x04, 0x05, 0x05, 
	0x00, 0x00, 0x00, 0x00, 0x01, 0x01, 0x01, 0x01, 
	0x04, 0x00, 0x00, 0x00, 0x06, 0x00, 0x00, 0x08, 
	0x00, 0x00, 0x01, 0x01, 0x04, 0x00, 0x06, 0x00, 
	0x04, 0x00, 0x00, 0x05, 0x00, 0x00, 0x00, 0x05, 
	0x06, 0x00, 0x00, 0x00, 0x00, 0x04, 0x01, 0x01, 
	0x00, 0x00, 0x00, 0x05, 0x06, 0x00, 0x00, 0x01, 
	0x00, 0x00, 0x01, 0x04, 0x00, 0x05, 0x06, 0x05, 
	0x00, 0x00, 0x00, 0x05, 0x05, 0x00, 0x00, 0x00, 
	0x06, 0x06, 0x00, 0x00, 0x00, 0x00, 0x00, 0x00, 
	0x00, 0x00, 0x00, 0x06, 0x06, 0x00, 0x00, 0x00, 
	0x00, 0x00, 0x08, 0x00, 0x00, 0x06, 0x06, 0x00, 
	0x01, 0x00, 0x00, 0x00, 0x06, 0x00, 0x00, 0x00, 
	0x00, 0x06, 0x06, 0x00, 0x00, 0x00, 0x00, 0x00, 
	0x00, 0x00, 0x06, 0x06, 0x06, 0x00, 0x00, 0x00, 
	0x05, 0x00, 0x00, 0x00, 0x06, 0x06, 0x06, 0x00, 
	
};

Gfx castle_grounds_dl_wood_pal_rgba16_aligner[] = {gsSPEndDisplayList()};
u8 castle_grounds_dl_wood_pal_rgba16[] = {
	0x48, 0xc1, 0x51, 0x01, 0x59, 0x41, 0x51, 0x41, 
	0x50, 0xc1, 0x48, 0x81, 0x40, 0x81, 0x40, 0x41, 
	0x49, 0x01, 
};

Gfx castle_grounds_dl_window_ia8_aligner[] = {gsSPEndDisplayList()};
u8 castle_grounds_dl_window_ia8[] = {
	0xff, 0xff, 0xff, 0xff, 0xff, 0xff, 0xff, 0xff, 
	0xff, 0xff, 0xff, 0xff, 0xff, 0xff, 0xff, 0xff, 
	0xff, 0xff, 0xff, 0xff, 0xff, 0xff, 0xff, 0xff, 
	0xff, 0xff, 0xff, 0xff, 0xff, 0xff, 0xff, 0xff, 
	0xff, 0xff, 0xff, 0xff, 0xff, 0xff, 0xff, 0xff, 
	0xff, 0xff, 0xff, 0xff, 0xff, 0xff, 0xff, 0xff, 
	0xff, 0xff, 0xff, 0xff, 0xff, 0xff, 0xff, 0xff, 
	0xff, 0xff, 0xff, 0xff, 0xff, 0xff, 0xff, 0xff, 
	0xff, 0xff, 0x0f, 0x0f, 0x0f, 0x0f, 0x0f, 0x0f, 
	0x0f, 0x0f, 0x0f, 0x0f, 0x0f, 0x0f, 0x0f, 0x0f, 
	0x0f, 0x0f, 0x0f, 0x0f, 0x0f, 0x0f, 0x0f, 0x0f, 
	0x0f, 0x0f, 0x0f, 0x0f, 0x0f, 0x0f, 0xff, 0xff, 
	0xff, 0xff, 0x0f, 0x00, 0x00, 0x00, 0x00, 0x00, 
	0x00, 0x00, 0x00, 0x00, 0x00, 0x00, 0x00, 0x00, 
	0x00, 0x00, 0x00, 0x00, 0x00, 0x00, 0x00, 0x00, 
	0x00, 0x00, 0x00, 0x00, 0x00, 0x0f, 0xff, 0xff, 
	0xff, 0xff, 0x0f, 0x00, 0xf0, 0xf0, 0xf0, 0xf0, 
	0xf0, 0xf0, 0xf0, 0xf0, 0xf0, 0xf0, 0xf0, 0xf0, 
	0xf0, 0xf0, 0xf0, 0xf0, 0xf0, 0xf0, 0xf0, 0xf0, 
	0xf0, 0xf0, 0xf0, 0xf0, 0x00, 0x0f, 0xff, 0xff, 
	0xff, 0xff, 0x0f, 0x00, 0xf0, 0xf0, 0xf0, 0xf0, 
	0xf0, 0xf0, 0xf0, 0xf0, 0xf0, 0xf0, 0xf0, 0xf0, 
	0xf0, 0xf0, 0xf0, 0xf0, 0xf0, 0xf0, 0xf0, 0xf0, 
	0xf0, 0xf0, 0xf0, 0xf0, 0x00, 0x0f, 0xff, 0xff, 
	0xff, 0xff, 0x0f, 0x00, 0xf0, 0xf0, 0xf0, 0xf0, 
	0xf0, 0xf0, 0xf0, 0xf0, 0xf0, 0xf0, 0xf0, 0xf0, 
	0xf0, 0xf0, 0xf0, 0xf0, 0xf0, 0xf0, 0xf0, 0xf0, 
	0xf0, 0xf0, 0xf0, 0xf0, 0x00, 0x0f, 0xff, 0xff, 
	0xff, 0xff, 0x0f, 0x00, 0xf0, 0xf0, 0xf0, 0xf0, 
	0xf0, 0xf0, 0xf0, 0xf0, 0xf0, 0xf0, 0xf0, 0xf0, 
	0xf0, 0xf0, 0xf0, 0xf0, 0xf0, 0xf0, 0xf0, 0xf0, 
	0xf0, 0xf0, 0xf0, 0xf0, 0x00, 0x0f, 0xff, 0xff, 
	0xff, 0xff, 0x0f, 0x00, 0xf0, 0xf0, 0xf0, 0xf0, 
	0xf0, 0xf0, 0xf0, 0xf0, 0xf0, 0xf0, 0xf0, 0xf0, 
	0xf0, 0xf0, 0xf0, 0xf0, 0xf0, 0xf0, 0xf0, 0xf0, 
	0xf0, 0xf0, 0xf0, 0xf0, 0x00, 0x0f, 0xff, 0xff, 
	0xff, 0xff, 0x0f, 0x00, 0xf0, 0xf0, 0xf0, 0xf0, 
	0xf0, 0xf0, 0xf0, 0xf0, 0xf0, 0xf0, 0xf0, 0xf0, 
	0xf0, 0xf0, 0xf0, 0xf0, 0xf0, 0xf0, 0xf0, 0xf0, 
	0xf0, 0xf0, 0xf0, 0xf0, 0x00, 0x0f, 0xff, 0xff, 
	0xff, 0xff, 0x0f, 0x00, 0xf0, 0xf0, 0xf0, 0xf0, 
	0xf0, 0xf0, 0xf0, 0xf0, 0xf0, 0xf0, 0xf0, 0xf0, 
	0xf0, 0xf0, 0xf0, 0xf0, 0xf0, 0xf0, 0xf0, 0xf0, 
	0xf0, 0xf0, 0xf0, 0xf0, 0x00, 0x0f, 0xff, 0xff, 
	0xff, 0xff, 0x0f, 0x00, 0xf0, 0xf0, 0xf0, 0xf0, 
	0xf0, 0xf0, 0xf0, 0xf0, 0xf0, 0xf0, 0xf0, 0xf0, 
	0xf0, 0xf0, 0xf0, 0xf0, 0xf0, 0xf0, 0xf0, 0xf0, 
	0xf0, 0xf0, 0xf0, 0xf0, 0x00, 0x0f, 0xff, 0xff, 
	0xff, 0xff, 0x0f, 0x00, 0xf0, 0xf0, 0xf0, 0xf0, 
	0xf0, 0xf0, 0xf0, 0xf0, 0xf0, 0xf0, 0xf0, 0xf0, 
	0xf0, 0xf0, 0xf0, 0xf0, 0xf0, 0xf0, 0xf0, 0xf0, 
	0xf0, 0xf0, 0xf0, 0xf0, 0x00, 0x0f, 0xff, 0xff, 
	0xff, 0xff, 0x0f, 0x00, 0xf0, 0xf0, 0xf0, 0xf0, 
	0xf0, 0xf0, 0xf0, 0xf0, 0xf0, 0xf0, 0xf0, 0xf0, 
	0xf0, 0xf0, 0xf0, 0xf0, 0xf0, 0xf0, 0xf0, 0xf0, 
	0xf0, 0xf0, 0xf0, 0xf0, 0x00, 0x0f, 0xff, 0xff, 
	0xff, 0xff, 0x0f, 0x00, 0x00, 0x00, 0x00, 0x00, 
	0x00, 0x00, 0x00, 0x00, 0x00, 0x00, 0x00, 0x00, 
	0x00, 0x00, 0x00, 0x00, 0x00, 0x00, 0x00, 0x00, 
	0x00, 0x00, 0x00, 0x00, 0x00, 0x0f, 0xff, 0xff, 
	0xff, 0xff, 0x0f, 0x0f, 0x0f, 0x0f, 0x0f, 0x0f, 
	0x0f, 0x0f, 0x0f, 0x0f, 0x0f, 0x0f, 0x0f, 0x0f, 
	0x0f, 0x0f, 0x0f, 0x0f, 0x0f, 0x0f, 0x0f, 0x0f, 
	0x0f, 0x0f, 0x0f, 0x0f, 0x0f, 0x0f, 0xff, 0xff, 
	0xff, 0xff, 0xff, 0xff, 0xff, 0xff, 0xff, 0xff, 
	0xff, 0xff, 0xff, 0xff, 0xff, 0xff, 0xff, 0xff, 
	0xff, 0xff, 0xff, 0xff, 0xff, 0xff, 0xff, 0xff, 
	0xff, 0xff, 0xff, 0xff, 0xff, 0xff, 0xff, 0xff, 
	0xff, 0xff, 0xff, 0xff, 0xff, 0xff, 0xff, 0xff, 
	0xff, 0xff, 0xff, 0xff, 0xff, 0xff, 0xff, 0xff, 
	0xff, 0xff, 0xff, 0xff, 0xff, 0xff, 0xff, 0xff, 
	0xff, 0xff, 0xff, 0xff, 0xff, 0xff, 0xff, 0xff, 
	0xff, 0xff, 0xff, 0xff, 0xff, 0xff, 0xff, 0xff, 
	0xff, 0xff, 0xff, 0xff, 0xff, 0xff, 0xff, 0xff, 
	0xff, 0xff, 0xff, 0xff, 0xff, 0xff, 0xff, 0xff, 
	0xff, 0xff, 0xff, 0xff, 0xff, 0xff, 0xff, 0xff, 
	0xff, 0xff, 0xff, 0xff, 0xff, 0xff, 0xff, 0xff, 
	0xff, 0xff, 0xff, 0xff, 0xff, 0xff, 0xff, 0xff, 
	0xff, 0xff, 0xff, 0xff, 0xff, 0xff, 0xff, 0xff, 
	0xff, 0xff, 0xff, 0xff, 0xff, 0xff, 0xff, 0xff, 
	0xff, 0xff, 0xff, 0xff, 0xff, 0xff, 0xff, 0xff, 
	0xff, 0xff, 0xff, 0xff, 0xff, 0xff, 0xff, 0xff, 
	0xff, 0xff, 0xff, 0xff, 0xff, 0xff, 0xff, 0xff, 
	0xff, 0xff, 0xff, 0xff, 0xff, 0xff, 0xff, 0xff, 
	0xff, 0xff, 0xff, 0xff, 0xff, 0xff, 0xff, 0xff, 
	0xff, 0xff, 0xff, 0xff, 0xff, 0xff, 0xff, 0xff, 
	0xff, 0xff, 0xff, 0xff, 0xff, 0xff, 0xff, 0xff, 
	0xff, 0xff, 0xff, 0xff, 0xff, 0xff, 0xff, 0xff, 
	0xff, 0xff, 0xff, 0xff, 0xff, 0xff, 0xff, 0xff, 
	0xff, 0xff, 0xff, 0xff, 0xff, 0xff, 0xff, 0xff, 
	0xff, 0xff, 0xff, 0xff, 0xff, 0xff, 0xff, 0xff, 
	0xff, 0xff, 0xff, 0xff, 0xff, 0xff, 0xff, 0xff, 
	0xff, 0xff, 0xff, 0xff, 0xff, 0xff, 0xff, 0xff, 
	0xff, 0xff, 0xff, 0xff, 0xff, 0xff, 0xff, 0xff, 
	0xff, 0xff, 0xff, 0xff, 0xff, 0xff, 0xff, 0xff, 
	0xff, 0xff, 0xff, 0xff, 0xff, 0xff, 0xff, 0xff, 
	0xff, 0xff, 0xff, 0xff, 0xff, 0xff, 0xff, 0xff, 
	0xff, 0xff, 0xff, 0xff, 0xff, 0xff, 0xff, 0xff, 
	0xff, 0xff, 0xff, 0xff, 0xff, 0xff, 0xff, 0xff, 
	0xff, 0xff, 0xff, 0xff, 0xff, 0xff, 0xff, 0xff, 
	0xff, 0xff, 0xff, 0xff, 0xff, 0xff, 0xff, 0xff, 
	0xff, 0xff, 0xff, 0xff, 0xff, 0xff, 0xff, 0xff, 
	0xff, 0xff, 0xff, 0xff, 0xff, 0xff, 0xff, 0xff, 
	0xff, 0xff, 0xff, 0xff, 0xff, 0xff, 0xff, 0xff, 
	0xff, 0xff, 0xff, 0xff, 0xff, 0xff, 0xff, 0xff, 
	0xff, 0xff, 0xff, 0xff, 0xff, 0xff, 0xff, 0xff, 
	0xff, 0xff, 0xff, 0xff, 0xff, 0xff, 0xff, 0xff, 
	0xff, 0xff, 0xff, 0xff, 0xff, 0xff, 0xff, 0xff, 
	0xff, 0xff, 0xff, 0xff, 0xff, 0xff, 0xff, 0xff, 
	0xff, 0xff, 0xff, 0xff, 0xff, 0xff, 0xff, 0xff, 
	0xff, 0xff, 0xff, 0xff, 0xff, 0xff, 0xff, 0xff, 
	0xff, 0xff, 0xff, 0xff, 0xff, 0xff, 0xff, 0xff, 
	0xff, 0xff, 0xff, 0xff, 0xff, 0xff, 0xff, 0xff, 
	0xff, 0xff, 0xff, 0xff, 0xff, 0xff, 0xff, 0xff, 
	0xff, 0xff, 0xff, 0xff, 0xff, 0xff, 0xff, 0xff, 
	0xff, 0xff, 0xff, 0xff, 0xff, 0xff, 0xff, 0xff, 
	0xff, 0xff, 0xff, 0xff, 0xff, 0xff, 0xff, 0xff, 
	0xff, 0xff, 0xff, 0xff, 0xff, 0xff, 0xff, 0xff, 
	0xff, 0xff, 0xff, 0xff, 0xff, 0xff, 0xff, 0xff, 
	0xff, 0xff, 0xff, 0xff, 0xff, 0xff, 0xff, 0xff, 
	0xff, 0xff, 0xff, 0xff, 0xff, 0xff, 0xff, 0xff, 
	0xff, 0xff, 0xff, 0xff, 0xff, 0xff, 0xff, 0xff, 
	0xff, 0xff, 0xff, 0xff, 0xff, 0xff, 0xff, 0xff, 
	0xff, 0xff, 0xff, 0xff, 0xff, 0xff, 0xff, 0xff, 
	0xff, 0xff, 0xff, 0xff, 0xff, 0xff, 0xff, 0xff, 
	0xff, 0xff, 0xff, 0xff, 0xff, 0xff, 0xff, 0xff, 
	0xff, 0xff, 0xff, 0xff, 0xff, 0xff, 0xff, 0xff, 
	0xff, 0xff, 0xff, 0xff, 0xff, 0xff, 0xff, 0xff, 
	
};

Gfx castle_grounds_dl_door_ci4_aligner[] = {gsSPEndDisplayList()};
u8 castle_grounds_dl_door_ci4[] = {
	0x00, 0x00, 0x00, 0x00, 0x00, 0x00, 0x00, 0x00, 
	0x00, 0x00, 0x00, 0x00, 0x00, 0x00, 0x00, 0x00, 
	0x00, 0x00, 0x00, 0x00, 0x00, 0x00, 0x00, 0x00, 
	0x00, 0x00, 0x00, 0x00, 0x00, 0x00, 0x00, 0x00, 
	0x00, 0x00, 0x00, 0x01, 0x11, 0x11, 0x11, 0x11, 
	0x11, 0x11, 0x11, 0x11, 0x10, 0x00, 0x00, 0x00, 
	0x00, 0x00, 0x00, 0x01, 0x22, 0x22, 0x22, 0x22, 
	0x22, 0x22, 0x22, 0x22, 0x10, 0x00, 0x00, 0x00, 
	0x00, 0x00, 0x00, 0x01, 0x23, 0x33, 0x33, 0x33, 
	0x33, 0x33, 0x33, 0x32, 0x10, 0x00, 0x00, 0x00, 
	0x00, 0x00, 0x00, 0x01, 0x23, 0x33, 0x33, 0x33, 
	0x33, 0x33, 0x33, 0x32, 0x10, 0x00, 0x00, 0x00, 
	0x00, 0x00, 0x00, 0x01, 0x23, 0x33, 0x33, 0x33, 
	0x33, 0x33, 0x33, 0x32, 0x10, 0x00, 0x00, 0x00, 
	0x00, 0x00, 0x00, 0x01, 0x23, 0x33, 0x33, 0x33, 
	0x33, 0x33, 0x33, 0x32, 0x10, 0x00, 0x00, 0x00, 
	0x00, 0x00, 0x00, 0x01, 0x23, 0x33, 0x33, 0x33, 
	0x33, 0x33, 0x33, 0x32, 0x10, 0x00, 0x00, 0x00, 
	0x00, 0x00, 0x00, 0x01, 0x23, 0x33, 0x33, 0x33, 
	0x33, 0x33, 0x33, 0x32, 0x10, 0x00, 0x00, 0x00, 
	0x00, 0x00, 0x00, 0x01, 0x23, 0x33, 0x33, 0x33, 
	0x33, 0x33, 0x33, 0x32, 0x10, 0x00, 0x00, 0x00, 
	0x00, 0x00, 0x00, 0x01, 0x23, 0x33, 0x33, 0x33, 
	0x33, 0x33, 0x33, 0x32, 0x10, 0x00, 0x00, 0x00, 
	0x00, 0x00, 0x00, 0x01, 0x23, 0x33, 0x33, 0x33, 
	0x33, 0x33, 0x33, 0x32, 0x10, 0x00, 0x00, 0x00, 
	0x00, 0x00, 0x00, 0x01, 0x23, 0x33, 0x33, 0x33, 
	0x33, 0x33, 0x33, 0x32, 0x10, 0x00, 0x00, 0x00, 
	0x00, 0x00, 0x00, 0x01, 0x22, 0x22, 0x22, 0x22, 
	0x22, 0x22, 0x22, 0x22, 0x10, 0x00, 0x00, 0x00, 
	0x00, 0x00, 0x00, 0x01, 0x11, 0x11, 0x11, 0x11, 
	0x11, 0x11, 0x11, 0x11, 0x10, 0x00, 0x00, 0x00, 
	0x00, 0x00, 0x00, 0x01, 0x11, 0x11, 0x11, 0x11, 
	0x11, 0x11, 0x11, 0x11, 0x10, 0x00, 0x00, 0x00, 
	0x00, 0x00, 0x00, 0x01, 0x11, 0x11, 0x11, 0x11, 
	0x11, 0x11, 0x11, 0x11, 0x10, 0x00, 0x00, 0x00, 
	0x00, 0x00, 0x00, 0x01, 0x11, 0x11, 0x11, 0x11, 
	0x11, 0x11, 0x11, 0x11, 0x10, 0x00, 0x00, 0x00, 
	0x00, 0x00, 0x00, 0x01, 0x11, 0x11, 0x11, 0x11, 
	0x11, 0x11, 0x11, 0x11, 0x10, 0x00, 0x00, 0x00, 
	0x00, 0x00, 0x00, 0x01, 0x11, 0x11, 0x11, 0x11, 
	0x11, 0x11, 0x11, 0x11, 0x10, 0x00, 0x00, 0x00, 
	0x00, 0x00, 0x00, 0x01, 0x11, 0x11, 0x11, 0x11, 
	0x11, 0x11, 0x11, 0x11, 0x10, 0x00, 0x00, 0x00, 
	0x00, 0x00, 0x00, 0x01, 0x11, 0x11, 0x11, 0x11, 
	0x11, 0x11, 0x11, 0x11, 0x10, 0x00, 0x00, 0x00, 
	0x00, 0x00, 0x00, 0x01, 0x11, 0x11, 0x11, 0x11, 
	0x11, 0x11, 0x11, 0x11, 0x10, 0x00, 0x00, 0x00, 
	0x00, 0x00, 0x00, 0x01, 0x11, 0x11, 0x11, 0x11, 
	0x11, 0x11, 0x11, 0x11, 0x10, 0x00, 0x00, 0x00, 
	0x00, 0x00, 0x00, 0x01, 0x11, 0x11, 0x11, 0x11, 
	0x11, 0x11, 0x11, 0x11, 0x10, 0x00, 0x00, 0x00, 
	0x00, 0x00, 0x00, 0x01, 0x11, 0x11, 0x11, 0x11, 
	0x11, 0x11, 0x11, 0x11, 0x10, 0x00, 0x00, 0x00, 
	0x00, 0x00, 0x00, 0x01, 0x11, 0x11, 0x11, 0x11, 
	0x11, 0x11, 0x11, 0x11, 0x10, 0x00, 0x00, 0x00, 
	0x00, 0x00, 0x00, 0x01, 0x11, 0x11, 0x11, 0x11, 
	0x11, 0x11, 0x11, 0x11, 0x10, 0x00, 0x00, 0x00, 
	0x00, 0x00, 0x00, 0x01, 0x11, 0x11, 0x11, 0x11, 
	0x11, 0x11, 0x11, 0x11, 0x10, 0x00, 0x00, 0x00, 
	0x00, 0x00, 0x00, 0x01, 0x11, 0x11, 0x11, 0x11, 
	0x11, 0x11, 0x11, 0x11, 0x10, 0x00, 0x00, 0x00, 
	0x00, 0x00, 0x00, 0x01, 0x11, 0x11, 0x11, 0x11, 
	0x11, 0x11, 0x11, 0x11, 0x10, 0x00, 0x00, 0x00, 
	
};

Gfx castle_grounds_dl_door_pal_rgba16_aligner[] = {gsSPEndDisplayList()};
u8 castle_grounds_dl_door_pal_rgba16[] = {
	0xff, 0xff, 0xfb, 0x41, 0x00, 0x01, 0x00, 0x00, 
	
};

Gfx castle_grounds_dl_whky_rgba16_aligner[] = {gsSPEndDisplayList()};
u8 castle_grounds_dl_whky_rgba16[] = {
	0x5c, 0xb9, 0x5c, 0xb9, 0x64, 0xb9, 0x6c, 0xfb, 
	0x64, 0xbb, 0x6d, 0x3b, 0x7d, 0x7b, 0x64, 0xb9, 
	0x64, 0xb7, 0x6d, 0x3b, 0x7d, 0x7b, 0x85, 0xbb, 
	0x7d, 0x7d, 0x7d, 0x7b, 0x75, 0x39, 0x85, 0xbd, 
	0x8d, 0xfd, 0x7d, 0x7b, 0x7d, 0x7b, 0x85, 0xbb, 
	0x95, 0xfd, 0x96, 0x3d, 0xb6, 0xfd, 0xa6, 0x7d, 
	0xae, 0x7b, 0x9d, 0xfd, 0xdf, 0x7b, 0xd7, 0x7d, 
	0xbf, 0x3b, 0xe7, 0xff, 0xd7, 0x7b, 0xe7, 0xff, 
	0x64, 0xfb, 0x6c, 0xfb, 0x6c, 0xfd, 0x6c, 0xf9, 
	0x64, 0xb9, 0x64, 0xf9, 0x64, 0xbb, 0x64, 0xf9, 
	0x7d, 0x7b, 0x6d, 0x3b, 0x85, 0xbd, 0x85, 0xbd, 
	0x85, 0xbd, 0x75, 0x39, 0x85, 0xbf, 0x7d, 0xbb, 
	0x8d, 0xbd, 0x85, 0xbd, 0x75, 0x7d, 0x75, 0x7b, 
	0x96, 0x3f, 0x8e, 0x3f, 0xae, 0xfb, 0x8d, 0xfd, 
	0x9e, 0x7d, 0xd7, 0x3f, 0xcf, 0x7d, 0xb6, 0xff, 
	0xb6, 0xfd, 0xcf, 0x7b, 0xc7, 0x3d, 0xd7, 0xbf, 
	0x6d, 0x3b, 0x6d, 0x3b, 0x6d, 0x3d, 0x6d, 0x3b, 
	0x64, 0xfb, 0x5c, 0xb9, 0x64, 0xfb, 0x64, 0xbb, 
	0x85, 0xb9, 0x9e, 0x3f, 0x6d, 0x39, 0x85, 0x7b, 
	0x8d, 0xbd, 0x8d, 0xbf, 0x8d, 0xfd, 0x85, 0xbb, 
	0x7d, 0x79, 0x75, 0x39, 0x6d, 0x39, 0x7d, 0x7d, 
	0x95, 0xfd, 0x85, 0xbb, 0x96, 0x3f, 0xa6, 0x3d, 
	0x85, 0xb9, 0xa6, 0xbd, 0xdf, 0xbd, 0x9e, 0x7f, 
	0xae, 0xbb, 0xdf, 0xff, 0xae, 0xf9, 0xef, 0xbf, 
	0x5c, 0xfb, 0x64, 0xfb, 0x6d, 0x3d, 0x5c, 0xb9, 
	0x6c, 0xfb, 0x64, 0xfb, 0x6d, 0x3b, 0x6d, 0x3d, 
	0x53, 0x23, 0x5b, 0x21, 0x8d, 0x79, 0x75, 0x3d, 
	0x85, 0xbd, 0x8d, 0xff, 0x85, 0xbd, 0x85, 0xfd, 
	0x6d, 0x3b, 0x6d, 0x7b, 0x75, 0x7b, 0x7d, 0x7d, 
	0xa6, 0xbf, 0x96, 0x3b, 0xa6, 0x7f, 0x9d, 0xfd, 
	0x8d, 0xf9, 0xbf, 0x7f, 0xd7, 0xbf, 0x96, 0x7f, 
	0xc7, 0x7d, 0xbf, 0x3d, 0xcf, 0x7d, 0xbf, 0x7d, 
	0x5c, 0xf9, 0x64, 0xf9, 0x65, 0x3b, 0x64, 0xfb, 
	0x64, 0xfb, 0x6c, 0xf9, 0x85, 0xbf, 0x6d, 0xbf, 
	0x52, 0xe1, 0x83, 0xa3, 0x62, 0xe3, 0x75, 0xbb, 
	0x7d, 0xbb, 0x7d, 0xbf, 0x85, 0xbd, 0x7d, 0xbd, 
	0x6d, 0x7b, 0x7d, 0xbd, 0x75, 0x7b, 0x75, 0x7b, 
	0x9e, 0x7d, 0xb6, 0xff, 0x8d, 0xfb, 0x96, 0x3d, 
	0x9e, 0x3d, 0xb6, 0xfb, 0xbf, 0x3f, 0xae, 0xbd, 
	0xdf, 0xff, 0xc7, 0x7b, 0xc7, 0xbf, 0xcf, 0x3b, 
	0x5c, 0xf9, 0x65, 0x3b, 0x65, 0x3d, 0x64, 0xfb, 
	0x65, 0x3d, 0x64, 0xfb, 0x75, 0x7d, 0x6d, 0x7d, 
	0x52, 0x9f, 0x52, 0xdd, 0x6b, 0x1d, 0x95, 0xf9, 
	0x7d, 0xbd, 0x7d, 0x7b, 0x85, 0xbd, 0x7d, 0xbb, 
	0x6d, 0x7b, 0x75, 0x7b, 0x75, 0x7b, 0x7d, 0x7d, 
	0xa6, 0xbf, 0x9e, 0x7f, 0x8d, 0xfd, 0x7d, 0xbd, 
	0x8d, 0xfb, 0xbf, 0x3b, 0xae, 0xbb, 0xa6, 0xbb, 
	0xc7, 0x7d, 0xb7, 0x3d, 0xf7, 0xfd, 0xd7, 0xbd, 
	0x54, 0xb9, 0x5c, 0xf9, 0x65, 0x3b, 0x64, 0xfb, 
	0x54, 0xb9, 0x5c, 0xfb, 0x6d, 0x7d, 0x75, 0x7b, 
	0x4a, 0x1d, 0x62, 0x9d, 0x4a, 0x19, 0x4b, 0x1d, 
	0x7d, 0xff, 0x85, 0xbb, 0x7d, 0xbb, 0x7d, 0xbb, 
	0x75, 0xbd, 0x85, 0xff, 0x75, 0x7b, 0x7d, 0xbd, 
	0x9e, 0x7f, 0x85, 0xfd, 0x85, 0xfd, 0x75, 0xb9, 
	0xb6, 0xff, 0xd7, 0xbb, 0xb6, 0xfb, 0xef, 0xfd, 
	0xb6, 0xf9, 0xef, 0xbb, 0xdf, 0xff, 0xcf, 0xbd, 
	0x5c, 0xfb, 0x65, 0x3b, 0x65, 0x3d, 0x5c, 0xfb, 
	0x5c, 0xbb, 0x5c, 0xbb, 0x65, 0x3b, 0x6d, 0x3d, 
	0x4a, 0x5d, 0x4a, 0x5b, 0x63, 0x1f, 0x62, 0xdd, 
	0x85, 0xfd, 0x7d, 0xff, 0x75, 0xbb, 0x75, 0xbb, 
	0x85, 0xff, 0x8e, 0x3f, 0x7d, 0xbd, 0x85, 0xfd, 
	0x85, 0xbb, 0x8d, 0xff, 0x7d, 0x7b, 0x7d, 0xbd, 
	0xb6, 0xff, 0xb6, 0xfb, 0xb6, 0xff, 0xb6, 0xfb, 
	0xcf, 0x7f, 0xa6, 0xbb, 0xbf, 0x3d, 0xb7, 0x3b, 
	0x5d, 0x3b, 0x54, 0xbb, 0x54, 0xfb, 0x54, 0xbb, 
	0x65, 0x3b, 0x65, 0x3d, 0x65, 0x3d, 0x6d, 0x3d, 
	0x42, 0x5b, 0x42, 0x5b, 0x4a, 0x5b, 0x4a, 0x9b, 
	0x95, 0xb5, 0x85, 0xbd, 0x75, 0x7d, 0x75, 0x7d, 
	0x75, 0x7b, 0x8e, 0x3f, 0x96, 0xbf, 0x75, 0xbb, 
	0x8e, 0x3d, 0x85, 0xbd, 0x85, 0xbd, 0x96, 0x3f, 
	0xae, 0xbf, 0x96, 0x7f, 0xa6, 0xfb, 0x96, 0x3d, 
	0xb7, 0x3d, 0xc7, 0xbd, 0xbe, 0xf9, 0xdf, 0xbd, 
	0x65, 0x3d, 0x5d, 0x3d, 0x54, 0xfb, 0x5d, 0x3b, 
	0x64, 0xf9, 0x65, 0x3d, 0x5d, 0x3d, 0x6d, 0x3d, 
	0x42, 0x1b, 0x39, 0xd9, 0x42, 0x19, 0x42, 0x59, 
	0x6b, 0xa1, 0x8d, 0xfd, 0x8e, 0x3f, 0x85, 0xbb, 
	0x85, 0xfb, 0x7d, 0xbd, 0x96, 0x7d, 0x8d, 0xff, 
	0x7d, 0xbb, 0x7d, 0xfd, 0x85, 0xbd, 0x96, 0x3b, 
	0x96, 0x3d, 0x8d, 0xff, 0xae, 0xbf, 0xa6, 0xbd, 
	0x9e, 0xbb, 0xb7, 0x3f, 0xd7, 0xbf, 0xc7, 0x7d, 
	0x65, 0x3d, 0x5d, 0x3d, 0x5d, 0x3d, 0x65, 0x7d, 
	0x5d, 0x3d, 0x5d, 0x3b, 0x65, 0x3b, 0x7d, 0xbd, 
	0x3a, 0x1b, 0x31, 0xd7, 0x42, 0x19, 0x4a, 0x99, 
	0x94, 0xa9, 0x7d, 0xbb, 0x96, 0x7f, 0x7d, 0xfd, 
	0x7d, 0xbf, 0x85, 0xbd, 0x96, 0x7f, 0x85, 0xbb, 
	0x96, 0x3f, 0x86, 0x3f, 0x96, 0x3d, 0x9e, 0xbd, 
	0x9e, 0xbf, 0x9e, 0x7f, 0xae, 0xfb, 0xd7, 0xbf, 
	0xa6, 0xbb, 0xa6, 0xff, 0xae, 0xff, 0xcf, 0x7b, 
	0x65, 0x7f, 0x6d, 0x7f, 0x5d, 0x7d, 0x65, 0x7d, 
	0x5d, 0x3d, 0x6d, 0x7f, 0x6d, 0x7d, 0x8e, 0x3f, 
	0x31, 0xd9, 0x4a, 0x9d, 0x5a, 0x9d, 0x6b, 0x9f, 
	0xad, 0x27, 0x9d, 0xf7, 0x8d, 0xfd, 0xa6, 0x79, 
	0x75, 0x7b, 0x9e, 0xbb, 0x96, 0x7f, 0x7d, 0xbf, 
	0x85, 0xfd, 0x85, 0xfb, 0x8d, 0xff, 0x96, 0x7d, 
	0x96, 0x3d, 0x96, 0x3f, 0x96, 0x3d, 0x96, 0x7d, 
	0x96, 0xbb, 0x9e, 0xbd, 0xb6, 0xbd, 0xf7, 0xff, 
	0x65, 0x7f, 0x65, 0x7d, 0x5d, 0x3b, 0x75, 0xbf, 
	0x65, 0x7d, 0x75, 0xbf, 0x75, 0xbf, 0x75, 0x7b, 
	0x4a, 0x5b, 0x7c, 0x25, 0x42, 0x15, 0x8c, 0x63, 
	0xbd, 0x69, 0x9c, 0xe7, 0x8d, 0x75, 0x8d, 0xb3, 
	0x8d, 0xfd, 0x9e, 0xbd, 0x75, 0xbd, 0x75, 0xbd, 
	0x8e, 0x3d, 0xb7, 0x3d, 0x7d, 0xbd, 0x8e, 0x7d, 
	0x96, 0x7d, 0x9e, 0x7d, 0x9e, 0x7d, 0xaf, 0x3f, 
	0xb7, 0x3f, 0xaf, 0x3d, 0x96, 0x77, 0xff, 0xff, 
	0x6d, 0x7f, 0x65, 0x7d, 0x6d, 0xbf, 0x75, 0xbd, 
	0x6d, 0x7d, 0x7d, 0xff, 0x75, 0xbf, 0x7d, 0xbd, 
	0x73, 0x5f, 0x8c, 0x23, 0x84, 0x1f, 0x8c, 0x65, 
	0x9c, 0xa5, 0xb5, 0x27, 0xb5, 0x6b, 0xad, 0xab, 
	0x9d, 0x71, 0x8d, 0x75, 0x85, 0xfd, 0x7d, 0xff, 
	0x7d, 0xfb, 0x7d, 0xbd, 0x7d, 0xbf, 0x7d, 0xff, 
	0x8e, 0x3f, 0x96, 0x7f, 0x8e, 0x7d, 0x8e, 0xbf, 
	0x8d, 0xb7, 0x84, 0xa9, 0x95, 0xf3, 0xbe, 0x33, 
	0x5d, 0x7f, 0x5d, 0x3d, 0x65, 0x3f, 0x65, 0x3d, 
	0x6d, 0xbd, 0x75, 0xbd, 0x6d, 0x7d, 0x7c, 0xb3, 
	0x83, 0xe1, 0x8c, 0x65, 0x94, 0x65, 0x8c, 0x63, 
	0xa4, 0xe7, 0x94, 0xa3, 0x8c, 0x21, 0x94, 0x63, 
	0xb5, 0x27, 0xad, 0x6b, 0xad, 0xb3, 0x8d, 0x77, 
	0x8d, 0xfb, 0x9e, 0x7f, 0x7d, 0xbb, 0x85, 0xff, 
	0x96, 0x7f, 0x8e, 0x7b, 0xd7, 0xff, 0x6c, 0xa7, 
	0x7c, 0x65, 0x63, 0xa1, 0x42, 0x59, 0x63, 0x61, 
	0x5d, 0x3d, 0x55, 0x7f, 0x6d, 0xbf, 0x6d, 0xbd, 
	0x6d, 0xbd, 0x86, 0x3f, 0x75, 0x39, 0x8c, 0x65, 
	0x6b, 0x5d, 0xa5, 0x2b, 0x8c, 0x23, 0x9c, 0xa5, 
	0x9c, 0xa5, 0x8c, 0x23, 0x84, 0x21, 0x7b, 0x9f, 
	0x9d, 0x29, 0x9c, 0xe7, 0x94, 0xa5, 0x8c, 0x65, 
	0xa5, 0xb1, 0x8d, 0x77, 0x85, 0xfd, 0x85, 0xfb, 
	0xb7, 0x3f, 0x7d, 0x2b, 0x84, 0xe9, 0x63, 0x9f, 
	0x3a, 0x19, 0x42, 0x17, 0x39, 0xd3, 0x6b, 0x1d, 
	0x5d, 0xbf, 0x5d, 0x3f, 0x6d, 0xbd, 0x5d, 0x3b, 
	0x6d, 0xbf, 0x6c, 0xfb, 0x74, 0xf3, 0x7c, 0x27, 
	0x7b, 0xe1, 0x84, 0x21, 0x94, 0x65, 0x84, 0x21, 
	0x8c, 0x63, 0x8c, 0x21, 0x73, 0x5d, 0x6b, 0x5b, 
	0x84, 0x1f, 0x9c, 0xe5, 0x8c, 0x21, 0x94, 0xa5, 
	0x9c, 0xe7, 0x9c, 0xe9, 0x9d, 0x2d, 0x95, 0xf3, 
	0x84, 0xeb, 0x8c, 0xa7, 0x32, 0x15, 0x4a, 0x5b, 
	0x39, 0xd7, 0x4a, 0x99, 0x72, 0xdb, 0x8c, 0x1b, 
	0x7d, 0xff, 0x75, 0xb9, 0x65, 0x7b, 0x75, 0xbd, 
	0x6c, 0xf9, 0x74, 0x6f, 0x6b, 0xa3, 0x5a, 0xdb, 
	0x4a, 0x9b, 0x4a, 0x97, 0x4a, 0x97, 0x42, 0x15, 
	0x52, 0x97, 0x63, 0x1b, 0x73, 0x5f, 0x5a, 0xdb, 
	0x73, 0x5d, 0x73, 0x9d, 0x8c, 0x61, 0x8c, 0x23, 
	0x8c, 0x65, 0x94, 0xa5, 0x8c, 0x21, 0x83, 0xe1, 
	0x7c, 0x23, 0x4a, 0x9d, 0x3a, 0x57, 0x39, 0xd5, 
	0x4a, 0x57, 0x5a, 0x55, 0x9c, 0x1f, 0x8c, 0x67, 
	0x65, 0x7b, 0x6d, 0xbd, 0x86, 0x7b, 0x7d, 0x79, 
	0x6c, 0x27, 0x63, 0xa1, 0x42, 0x9b, 0x09, 0x11, 
	0x19, 0x0f, 0x19, 0x0f, 0x21, 0x51, 0x29, 0x91, 
	0x39, 0xd3, 0x31, 0x4f, 0x42, 0x55, 0x42, 0x15, 
	0x5a, 0x99, 0x6b, 0x1b, 0x7b, 0xdd, 0x73, 0x9d, 
	0x84, 0x23, 0x8c, 0x63, 0x7c, 0x23, 0x6b, 0x9f, 
	0x52, 0xd9, 0x5b, 0x1d, 0x3a, 0x15, 0x42, 0x15, 
	0x5a, 0x55, 0xb4, 0x63, 0x9c, 0x1f, 0x8d, 0x2d, 
	0x6d, 0xbd, 0x86, 0x3b, 0x86, 0x3f, 0x85, 0x37, 
	0x6b, 0xa3, 0x63, 0x61, 0x2a, 0x19, 0x84, 0x61, 
	0x4a, 0x99, 0x29, 0x91, 0x29, 0x93, 0x21, 0x93, 
	0x21, 0x51, 0x21, 0x51, 0x4a, 0x57, 0x31, 0x91, 
	0x4a, 0x55, 0x6b, 0x1b, 0x73, 0x5b, 0x7b, 0xdd, 
	0x7b, 0xdd, 0x73, 0x9d, 0x73, 0x9f, 0x6b, 0x5d, 
	0x73, 0xe1, 0x31, 0x91, 0x29, 0x91, 0x4a, 0x55, 
	0x94, 0x1d, 0x8b, 0x9d, 0x42, 0x13, 0x43, 0x63, 
	0x7e, 0x3d, 0x8e, 0x7d, 0x5d, 0x39, 0x6c, 0x6d, 
	0x4a, 0xdd, 0x4a, 0x9b, 0x29, 0x95, 0x63, 0x57, 
	0x11, 0x0d, 0x52, 0x95, 0x29, 0x8f, 0x31, 0xd3, 
	0x42, 0x15, 0x5a, 0xd9, 0x52, 0x57, 0x29, 0x51, 
	0x29, 0x91, 0x4a, 0x55, 0x5a, 0xd9, 0x62, 0xd7, 
	0x7b, 0x9d, 0x94, 0x61, 0x73, 0x5d, 0x84, 0x23, 
	0x84, 0x23, 0x63, 0x1b, 0x4a, 0x57, 0x52, 0x55, 
	0x83, 0xdf, 0x41, 0xd5, 0x63, 0xa3, 0x53, 0x1f, 
	0x6d, 0xfd, 0x65, 0x7d, 0x6d, 0x39, 0x63, 0xa3, 
	0x3a, 0x59, 0x29, 0xd5, 0x5b, 0x5f, 0x42, 0x51, 
	0x63, 0x57, 0x5a, 0xd5, 0x39, 0xd5, 0x4a, 0x95, 
	0x7b, 0xe1, 0x94, 0x63, 0x63, 0x17, 0x52, 0x9b, 
	0x19, 0x51, 0x19, 0x0d, 0x21, 0x4d, 0x31, 0x91, 
	0x52, 0x97, 0x8c, 0x61, 0x8c, 0x21, 0x83, 0xe1, 
	0x63, 0x1b, 0x63, 0x19, 0x62, 0xd9, 0x41, 0xd1, 
	0x29, 0x4f, 0x7c, 0xad, 0x4a, 0xdb, 0x32, 0x17, 
	0x6e, 0x3d, 0x6d, 0xfb, 0x5c, 0xb7, 0x5b, 0x5f, 
	0x3a, 0x17, 0x19, 0x51, 0x29, 0xd5, 0x53, 0x1b, 
	0x5b, 0x1b, 0x4a, 0x57, 0x39, 0xd5, 0x63, 0x1b, 
	0x7b, 0xdf, 0xc5, 0xed, 0x94, 0xa1, 0x63, 0x1b, 
	0x21, 0x51, 0x21, 0x51, 0x29, 0x93, 0x31, 0x91, 
	0x42, 0x11, 0x4a, 0x53, 0x8c, 0x1f, 0xbd, 0xab, 
	0x7b, 0x9d, 0x62, 0xd9, 0x42, 0x13, 0x41, 0xd3, 
	0x21, 0x51, 0x4b, 0x21, 0x21, 0xd7, 0x21, 0x93, 
	0x5d, 0xbd, 0x5d, 0xbd, 0x64, 0xb7, 0x5b, 0x5d, 
	0x42, 0x9b, 0x42, 0x59, 0x32, 0x17, 0x31, 0xd5, 
	0x42, 0x57, 0x39, 0xd5, 0x9c, 0xe9, 0xb5, 0xad, 
	0xb5, 0x6b, 0xbd, 0xab, 0x9c, 0xa3, 0x6b, 0x17, 
	0x7b, 0x9f, 0x21, 0x51, 0x19, 0x0d, 0x42, 0x0f, 
	0x29, 0x0d, 0x39, 0xcf, 0x39, 0x8f, 0x9c, 0x63, 
	0x94, 0x61, 0x62, 0xd9, 0x62, 0xd7, 0x41, 0xd1, 
	0x94, 0xed, 0x32, 0x59, 0x19, 0x53, 0x19, 0x93, 
	0x6d, 0xbb, 0x7d, 0xbb, 0x6c, 0xb7, 0x52, 0xdb, 
	0x42, 0x59, 0x42, 0x57, 0x42, 0x59, 0x42, 0x59, 
	0x5b, 0x1d, 0x73, 0xa3, 0xb5, 0xaf, 0xb5, 0xad, 
	0xc6, 0x2f, 0xb5, 0x69, 0xa4, 0xe5, 0x94, 0x61, 
	0x9c, 0xa5, 0x21, 0x13, 0x29, 0x91, 0x5a, 0xd1, 
	0x09, 0x09, 0x5a, 0xd7, 0x31, 0x4d, 0x94, 0x1f, 
	0xb5, 0x69, 0x6b, 0x1b, 0x83, 0xdf, 0x63, 0x5b, 
	0x8c, 0xe9, 0x3a, 0x57, 0x21, 0x91, 0x21, 0x93, 
	0x8e, 0xfb, 0x75, 0xfb, 0x74, 0xb7, 0x52, 0xd9, 
	0x42, 0x57, 0x42, 0x15, 0x6b, 0xa1, 0x4a, 0x99, 
	0x73, 0xa3, 0x84, 0x25, 0xbd, 0xed, 0xb5, 0xad, 
	0xc6, 0x2f, 0xc5, 0xed, 0xa4, 0xe3, 0x9c, 0xa1, 
	0x84, 0x1f, 0x6b, 0x5d, 0x73, 0x9b, 0x62, 0xd3, 
	0x6b, 0x19, 0x8c, 0x1f, 0xc5, 0xed, 0xa4, 0xa3, 
	0xad, 0x25, 0xa4, 0xe7, 0x8c, 0x21, 0x94, 0xe9, 
	0x95, 0x2b, 0x8c, 0xeb, 0x31, 0xd5, 0x21, 0x91, 
	0xf7, 0xff, 0xa7, 0x3d, 0x75, 0xfd, 0x5a, 0xdb, 
	0x7b, 0xe5, 0x5a, 0xdb, 0x52, 0x9b, 0x63, 0x61, 
	0x5b, 0x5f, 0x29, 0x93, 0x84, 0x65, 0x84, 0x21, 
	0xc6, 0x2f, 0xce, 0x6f, 0xa4, 0xe5, 0x83, 0x9d, 
	0x83, 0xdd, 0x63, 0x19, 0x5a, 0xd7, 0x52, 0x55, 
	0x42, 0x13, 0x63, 0x19, 0x83, 0xdd, 0x83, 0xdf, 
	0xad, 0x27, 0xc5, 0xed, 0xb5, 0x69, 0xad, 0x6d, 
	0x95, 0x6b, 0x95, 0x2b, 0x63, 0x5d, 0x29, 0xd3, 
	0xff, 0xff, 0xff, 0xfd, 0xb6, 0xff, 0x4a, 0x9b, 
	0x6b, 0x61, 0x84, 0x25, 0x6b, 0x61, 0x5b, 0x1f, 
	0x3a, 0x57, 0x11, 0x0f, 0x19, 0x0f, 0x29, 0x4f, 
	0x7b, 0xdf, 0xce, 0x6f, 0xb5, 0x67, 0x7b, 0x9b, 
	0x7b, 0x9d, 0x5a, 0xd7, 0x63, 0x19, 0x4a, 0x51, 
	0x6b, 0x59, 0x52, 0x97, 0x62, 0xd7, 0x8c, 0x1f, 
	0xbd, 0x69, 0xd6, 0x6d, 0xce, 0x2d, 0xad, 0x6d, 
	0x9d, 0x6d, 0xa5, 0x6d, 0x73, 0xdf, 0x31, 0xd1, 
	0xff, 0xff, 0xef, 0xff, 0xc6, 0xfb, 0x5b, 0x61, 
	0x53, 0x1f, 0x52, 0xdd, 0x29, 0x53, 0x52, 0xdb, 
	0x63, 0x1d, 0x19, 0x4f, 0x11, 0x0d, 0x08, 0xcd, 
	0x18, 0x8d, 0x6b, 0x17, 0xb5, 0x69, 0xc5, 0xed, 
	0x73, 0x5b, 0x62, 0xd7, 0x62, 0xd9, 0x4a, 0x13, 
	0x73, 0x5b, 0x73, 0x9d, 0x7b, 0x5b, 0x94, 0x1f, 
	0xa4, 0xe5, 0xd6, 0x71, 0xd6, 0x6f, 0xb5, 0xef, 
	0xad, 0xaf, 0x9d, 0x6b, 0x74, 0x21, 0x63, 0x9b, 
	0xc6, 0xf9, 0xef, 0xbd, 0xdf, 0x3b, 0x5b, 0xa3, 
	0x52, 0xdd, 0x4a, 0x59, 0x63, 0x1f, 0x4a, 0x59, 
	0x4a, 0x57, 0x10, 0xcb, 0x08, 0xcd, 0x10, 0x8b, 
	0x73, 0x5d, 0xad, 0x25, 0xb5, 0x69, 0xb5, 0x69, 
	0x83, 0xdf, 0x52, 0x53, 0x4a, 0x53, 0x42, 0x13, 
	0x5a, 0xd5, 0x6b, 0x59, 0x9c, 0x61, 0xac, 0xe5, 
	0xb5, 0x67, 0xc5, 0xeb, 0xcd, 0xeb, 0xad, 0xad, 
	0xad, 0xaf, 0xa5, 0x6b, 0x8c, 0xe5, 0x63, 0x9b, 
	0x7c, 0x5f, 0x9d, 0x5d, 0x8c, 0xe3, 0x84, 0xa7, 
	0x5a, 0xdd, 0x42, 0x57, 0x29, 0x0f, 0x4a, 0x57, 
	0x42, 0x13, 0x39, 0xd3, 0x08, 0xcd, 0x5a, 0x93, 
	0x83, 0xdb, 0x83, 0xe1, 0xad, 0x25, 0xb5, 0x67, 
	0xa4, 0xe7, 0x62, 0xd7, 0x39, 0xcf, 0x52, 0x55, 
	0x5a, 0x95, 0x6b, 0x17, 0x7b, 0x59, 0xad, 0x25, 
	0xb5, 0x67, 0xce, 0x2d, 0xde, 0xaf, 0xb5, 0xab, 
	0x84, 0x5f, 0x84, 0x5f, 0x7c, 0x1f, 0x74, 0x1d, 
	0x8d, 0x23, 0x4b, 0x11, 0x95, 0x5f, 0xae, 0x29, 
	0x5b, 0x1d, 0x4a, 0x59, 0x39, 0xd1, 0x42, 0x13, 
	0x42, 0x13, 0x31, 0x8f, 0x31, 0x8f, 0x63, 0x19, 
	0xc6, 0x2f, 0x94, 0x61, 0x83, 0xdd, 0x5a, 0x95, 
	0x83, 0xdd, 0x83, 0xdf, 0x5a, 0x93, 0x62, 0xd7, 
	0x5a, 0x95, 0x4a, 0x11, 0x73, 0x59, 0xa4, 0xa1, 
	0xb5, 0x25, 0xce, 0x29, 0xce, 0x2d, 0x9c, 0xe3, 
	0x84, 0x9f, 0x7c, 0x1d, 0x74, 0x1b, 0x73, 0x9f, 
	0x2a, 0x0b, 0x32, 0x51, 0x53, 0x53, 0x5b, 0x5d, 
	0x63, 0x61, 0x31, 0xd1, 0x63, 0x1d, 0x42, 0x13, 
	0x29, 0x4f, 0x10, 0x8b, 0x21, 0x0d, 0x52, 0x97, 
	0x73, 0x9d, 0x7b, 0x9d, 0x62, 0x97, 0x9c, 0xa5, 
	0x73, 0x17, 0x7b, 0x59, 0x94, 0x61, 0x39, 0xd1, 
	0x31, 0x4d, 0x62, 0xd5, 0x6b, 0x17, 0x83, 0x9b, 
	0xb5, 0x65, 0xc5, 0xa7, 0xd6, 0x6d, 0x9d, 0x23, 
	0x84, 0x5f, 0x73, 0xdb, 0x6b, 0x9b, 0x84, 0x21, 
	0x32, 0x11, 0x52, 0xd1, 0x95, 0x61, 0x7c, 0x67, 
	0x6b, 0xe7, 0x4a, 0x99, 0x39, 0xcf, 0x39, 0xd3, 
	0x29, 0x4f, 0x19, 0x0b, 0x19, 0x0f, 0x10, 0x89, 
	0x52, 0x95, 0x39, 0xcd, 0x5a, 0xd7, 0x52, 0x95, 
	0x83, 0x9d, 0xad, 0x23, 0x5a, 0x97, 0x5a, 0x97, 
	0x39, 0xcf, 0x5a, 0x95, 0x6a, 0xd5, 0x8c, 0x1d, 
	0xa4, 0xe3, 0xde, 0x6f, 0xb5, 0x65, 0x8c, 0x5f, 
	0x73, 0xd9, 0x74, 0x1b, 0x6b, 0xd9, 0x6b, 0xdd, 
	0x09, 0x09, 0x2a, 0x4f, 0x3a, 0x91, 0x84, 0xa7, 
	0x5b, 0x1f, 0x3a, 0x15, 0x3a, 0x13, 0x63, 0x1b, 
	0x4a, 0x13, 0x29, 0x4d, 0x18, 0xcb, 0x18, 0x8b, 
	0x18, 0x89, 0x21, 0x09, 0x42, 0x13, 0x5a, 0xd5, 
	0x73, 0x15, 0x4a, 0x0f, 0x29, 0x4d, 0x18, 0xc7, 
	0x52, 0x55, 0x29, 0x09, 0x62, 0xd5, 0x8b, 0xdb, 
	0xbd, 0xa9, 0xcd, 0xeb, 0x8c, 0x5d, 0x84, 0x1d, 
	0x7c, 0x1b, 0x73, 0xdb, 0x6b, 0x99, 0x53, 0x17, 
	0x8d, 0x57, 0x8d, 0x5b, 0x7c, 0x65, 0x6b, 0xa3, 
	0x42, 0x15, 0x29, 0x93, 0x21, 0x4f, 0x39, 0xd1, 
	0x73, 0x5b, 0x42, 0x11, 0x29, 0x4b, 0x29, 0x8b, 
	0x21, 0x09, 0x21, 0x0d, 0x39, 0xcf, 0x63, 0x17, 
	0x62, 0x95, 0x63, 0x17, 0x31, 0x4b, 0x21, 0x09, 
	0x31, 0x4d, 0x5a, 0x93, 0x94, 0x1f, 0x94, 0x5d, 
	0xcd, 0xeb, 0x94, 0x9f, 0x8c, 0x5f, 0x84, 0x5d, 
	0x73, 0xd9, 0x6b, 0x99, 0x6b, 0x99, 0x7b, 0xdd, 
	0x29, 0x93, 0x63, 0x93, 0x7c, 0x67, 0x5b, 0x1b, 
	0x31, 0xd1, 0x21, 0x4d, 0x18, 0xcb, 0x10, 0x8d, 
	0x31, 0x4d, 0x62, 0xd5, 0x4a, 0x11, 0x49, 0xcf, 
	0x39, 0x8b, 0x6b, 0x15, 0x6b, 0x15, 0x31, 0x09, 
	0x20, 0xc9, 0x41, 0xcf, 0x29, 0x0b, 0x31, 0x4b, 
	0x39, 0x8d, 0x39, 0x49, 0xbd, 0x65, 0xcd, 0xe9, 
	0xd6, 0x71, 0x9c, 0x9f, 0x84, 0x5f, 0x7c, 0x1b, 
	0x73, 0xd9, 0x73, 0x99, 0x6b, 0x99, 0x73, 0xdb, 
	0x42, 0xd3, 0x95, 0x67, 0x63, 0x63, 0x6b, 0x5b, 
	0x39, 0xd1, 0x29, 0x0d, 0x18, 0xc9, 0x10, 0xcd, 
	0x00, 0x49, 0x00, 0x47, 0x10, 0x87, 0x39, 0x8d, 
	0x18, 0xc7, 0x41, 0xd1, 0x29, 0x4f, 0x21, 0x09, 
	0x4a, 0x0f, 0x31, 0x4b, 0x4a, 0x0d, 0x39, 0x8b, 
	0x83, 0xdd, 0x9c, 0x5f, 0xb4, 0xe3, 0xc5, 0xa9, 
	0xb5, 0x69, 0xad, 0x65, 0x7c, 0x1b, 0x73, 0xdb, 
	0x73, 0xd9, 0x6b, 0x99, 0x73, 0x9b, 0x63, 0x57, 
	0x42, 0xcd, 0x74, 0x23, 0x6b, 0xa1, 0x4a, 0x57, 
	0x39, 0xd1, 0x31, 0x91, 0x10, 0x89, 0x18, 0xcb, 
	0x08, 0x89, 0x08, 0x49, 0x08, 0x47, 0x08, 0x45, 
	0x08, 0x45, 0x08, 0x47, 0x00, 0x05, 0x08, 0x45, 
	0x31, 0x8b, 0x20, 0xc9, 0x62, 0x93, 0x39, 0x49, 
	0x6a, 0xd3, 0x73, 0x15, 0x94, 0x1d, 0xac, 0xa1, 
	0xc5, 0xeb, 0xb5, 0x67, 0x8c, 0x9f, 0x7c, 0x1b, 
	0x73, 0xd9, 0x73, 0xd9, 0x6b, 0x57, 0x84, 0x5f, 
	0xbe, 0xaf, 0x8d, 0x23, 0x63, 0x9f, 0x63, 0x19, 
	0x39, 0xd1, 0x31, 0x8f, 0x21, 0x09, 0x18, 0xc9, 
	0x10, 0x89, 0x08, 0x89, 0x08, 0x47, 0x08, 0x47, 
	0x00, 0x45, 0x08, 0x47, 0x10, 0x89, 0x08, 0x85, 
	0x08, 0x43, 0x20, 0x87, 0x39, 0x4b, 0x73, 0x55, 
	0x73, 0x13, 0x7b, 0x55, 0xa4, 0x9f, 0xb4, 0xe1, 
	0xd6, 0x2d, 0xbd, 0xa9, 0x7c, 0x1d, 0x73, 0xd9, 
	0x6b, 0x99, 0x6b, 0x97, 0x63, 0x55, 0x6b, 0x57, 
	0x42, 0x55, 0x6b, 0xe3, 0x6b, 0x5f, 0x42, 0x13, 
	0x42, 0x11, 0x31, 0xcf, 0x29, 0x4d, 0x29, 0x4d, 
	0x18, 0xc9, 0x10, 0x89, 0x08, 0x89, 0x08, 0x47, 
	0x08, 0x45, 0x08, 0x85, 0x08, 0x43, 0x18, 0x87, 
	0x29, 0x07, 0x49, 0xcd, 0x6a, 0xd3, 0x8b, 0x99, 
	0x8b, 0x99, 0xa4, 0x9f, 0xb5, 0x23, 0xb5, 0x23, 
	0xd5, 0xeb, 0xa5, 0x23, 0x7c, 0x19, 0x73, 0xd9, 
	0x73, 0xd9, 0x73, 0xdb, 0x6b, 0x99, 0x6b, 0x57, 
	0x32, 0x13, 0x7c, 0x27, 0x63, 0x5d, 0x4a, 0x55, 
	0x42, 0x11, 0x42, 0x11, 0x31, 0x8d, 0x21, 0x09, 
	0x31, 0x8d, 0x18, 0xc9, 0x10, 0x87, 0x18, 0x89, 
	0x10, 0x87, 0x10, 0x87, 0x31, 0x0b, 0x41, 0xcb, 
	0x73, 0x17, 0x7b, 0x57, 0x72, 0xd3, 0x9c, 0x1b, 
	0x94, 0x1b, 0x94, 0x1b, 0xb5, 0x23, 0xcd, 0xe9, 
	0xde, 0x6f, 0x8c, 0x9f, 0x84, 0x5b, 0x7b, 0xd9, 
	0x73, 0xd7, 0x63, 0x57, 0x63, 0x55, 0x5b, 0x15, 
	0x6b, 0xa1, 0x6b, 0xe3, 0x5a, 0x99, 0x4a, 0x11, 
	0x52, 0x53, 0x4a, 0x11, 0x41, 0xcf, 0x31, 0x4b, 
	0x20, 0xc7, 0x20, 0xc9, 0x10, 0x87, 0x20, 0xc9, 
	0x18, 0x87, 0x18, 0x85, 0x6a, 0xd3, 0x7b, 0x59, 
	0x73, 0x15, 0xb4, 0xe3, 0x93, 0x99, 0xac, 0x9d, 
	0x9c, 0x1b, 0xac, 0x9f, 0xbd, 0x65, 0xd6, 0x6b, 
	0xe6, 0xaf, 0x7c, 0x1b, 0x73, 0xd7, 0x73, 0xd9, 
	0x73, 0xd7, 0x6b, 0x57, 0x63, 0x57, 0x5b, 0x15, 
	0x7c, 0x67, 0x5b, 0x1d, 0x4a, 0x57, 0x41, 0xd1, 
	0x41, 0xcf, 0x4a, 0x53, 0x39, 0xcf, 0x31, 0x4b, 
	0x39, 0x8b, 0x18, 0xc7, 0x31, 0x4b, 0x52, 0x53, 
	0x6b, 0x17, 0x41, 0x8b, 0x62, 0xd3, 0x39, 0x89, 
	0x62, 0x8f, 0x7b, 0x13, 0x9c, 0x1b, 0xc5, 0x65, 
	0xa4, 0x5d, 0xbd, 0x23, 0xd6, 0x2b, 0xee, 0xf1, 
	0x94, 0x5d, 0x73, 0x99, 0x6b, 0xd7, 0x6b, 0x97, 
	0x6b, 0x95, 0x63, 0x55, 0x5a, 0xd3, 0x52, 0x93, 
	0x6b, 0xe1, 0x52, 0x97, 0x42, 0x53, 0x39, 0xcf, 
	0x39, 0x8d, 0x41, 0xcd, 0x39, 0xcd, 0x39, 0x8d, 
	0x39, 0x8d, 0x39, 0x8d, 0x31, 0x49, 0x62, 0x93, 
	0x7b, 0x97, 0x8b, 0xd9, 0x94, 0x1b, 0x83, 0x59, 
	0x9c, 0x1d, 0xcd, 0xa7, 0xb4, 0xdf, 0xc5, 0x63, 
	0xb5, 0x23, 0xc5, 0x65, 0xe6, 0xad, 0xd6, 0x6d, 
	0x73, 0x99, 0x52, 0xd3, 0x5b, 0x13, 0x5b, 0x13, 
	0x52, 0xd3, 0x52, 0xd3, 0x52, 0xd3, 0x4a, 0x91, 
	0x6b, 0xe5, 0x5b, 0x19, 0x42, 0x11, 0x39, 0xcd, 
	0x39, 0x8d, 0x41, 0xcf, 0x4a, 0x51, 0x4a, 0x0f, 
	0x39, 0x4b, 0x42, 0x0f, 0x52, 0x11, 0x52, 0x51, 
	0x62, 0x93, 0x62, 0x91, 0xa4, 0x9d, 0xcd, 0xa7, 
	0x6a, 0xd1, 0x8b, 0x97, 0xac, 0x5f, 0xde, 0x2b, 
	0xb4, 0xe1, 0xd5, 0xe9, 0xf7, 0x33, 0xa4, 0xe3, 
	0x63, 0x55, 0x5b, 0x13, 0x52, 0xd3, 0x52, 0x93, 
	0x4a, 0x91, 0x4a, 0x91, 0x4a, 0x91, 0x4a, 0x91, 
	0x9d, 0x6d, 0x52, 0x97, 0x42, 0x11, 0x31, 0x8d, 
	0x39, 0x8d, 0x39, 0x8d, 0x31, 0x49, 0x4a, 0x0f, 
	0x41, 0xcd, 0x42, 0x0f, 0x29, 0x09, 0x4a, 0x0f, 
	0x6a, 0xd5, 0x83, 0x99, 0x83, 0x99, 0x7b, 0x55, 
	0x83, 0x99, 0xa4, 0x9f, 0xd5, 0xe9, 0xcd, 0xe7, 
	0xde, 0x2b, 0xf7, 0x33, 0xd6, 0x2d, 0x84, 0x1d, 
	0x52, 0xd3, 0x5b, 0x13, 0x52, 0xd3, 0x52, 0xd3, 
	0x4a, 0x91, 0x52, 0xd1, 0x4a, 0x8f, 0x4a, 0x8f, 
	0x84, 0x65, 0x52, 0x97, 0x31, 0x8f, 0x31, 0x8d, 
	0x31, 0x4b, 0x31, 0x49, 0x31, 0x49, 0x31, 0x49, 
	0x52, 0x4f, 0x41, 0xcd, 0x4a, 0x11, 0x49, 0xcd, 
	0x39, 0x49, 0x7b, 0x59, 0x9c, 0x5f, 0x4a, 0x0d, 
	0x6a, 0xd3, 0x94, 0x1b, 0xe6, 0xad, 0xde, 0x6b, 
	0xef, 0x31, 0xe6, 0xaf, 0xbd, 0xa7, 0x63, 0x15, 
	0x5a, 0xd3, 0x5b, 0x13, 0x52, 0xd1, 0x52, 0xd1, 
	0x4a, 0xd1, 0x4a, 0x91, 0x4a, 0x8f, 0x42, 0x4d, 
	0x84, 0x63, 0x5a, 0xd9, 0x39, 0xd1, 0x29, 0x4b, 
	0x18, 0xc7, 0x29, 0x09, 0x29, 0x49, 0x29, 0x09, 
	0x21, 0x07, 0x39, 0x89, 0x4a, 0x0d, 0x49, 0xcd, 
	0x52, 0x0f, 0x52, 0x0d, 0x62, 0x91, 0x6a, 0xd3, 
	0x6a, 0xd3, 0x9c, 0x5d, 0xe6, 0xaf, 0xe6, 0xaf, 
	0xe6, 0xaf, 0xe6, 0xaf, 0xb5, 0x25, 0x6b, 0x57, 
	0x5a, 0xd3, 0x5a, 0xd3, 0x52, 0xd3, 0x5b, 0x15, 
	0x5b, 0x15, 0x52, 0xd3, 0x52, 0xd3, 0x52, 0xd3, 
	0x84, 0x63, 0x63, 0x5b, 0x31, 0x8f, 0x29, 0x4d, 
	0x21, 0x0b, 0x31, 0x4b, 0x18, 0x85, 0x10, 0x85, 
	0x10, 0x85, 0x10, 0x87, 0x20, 0xc5, 0x41, 0x8b, 
	0x5a, 0x91, 0x5a, 0x4f, 0x6a, 0xd3, 0x73, 0x15, 
	0x83, 0x97, 0xac, 0x9f, 0xcd, 0xe7, 0x8b, 0xd9, 
	0x8b, 0xd7, 0xd6, 0x2b, 0xb5, 0x65, 0x63, 0x57, 
	0x4a, 0x93, 0x4a, 0x91, 0x3a, 0x0f, 0x42, 0x4f, 
	0x42, 0x4f, 0x42, 0x4f, 0x42, 0x4f, 0x42, 0x4f, 
	0xa5, 0x27, 0x6b, 0x5b, 0x42, 0x11, 0x21, 0x09, 
	0x21, 0x09, 0x39, 0xcf, 0x21, 0x09, 0x21, 0x09, 
	0x10, 0x85, 0x08, 0x43, 0x18, 0x85, 0x21, 0x07, 
	0x31, 0x49, 0x5a, 0x51, 0x62, 0x91, 0x83, 0x99, 
	0xc5, 0xe9, 0xbd, 0x23, 0x4a, 0x4f, 0x6a, 0xd3, 
	0x9c, 0x5b, 0xe6, 0x6d, 0xd6, 0x2b, 0x9d, 0x19, 
	0x73, 0xcf, 0x53, 0x09, 0x5c, 0x03, 0x7c, 0xc7, 
	0x7c, 0x8b, 0x7d, 0x09, 0xae, 0x55, 0x85, 0x4d, 
	0xd6, 0xad, 0x6b, 0x5d, 0x42, 0x11, 0x31, 0x8d, 
	0x31, 0x8d, 0x39, 0xcf, 0x39, 0x8d, 0x21, 0x09, 
	0x20, 0xc7, 0x18, 0x87, 0x18, 0x85, 0x39, 0x8b, 
	0x39, 0x8b, 0x49, 0xcb, 0x62, 0xd1, 0xb5, 0x21, 
	0x9c, 0x5d, 0x39, 0x8b, 0x41, 0xcd, 0x52, 0x4f, 
	0x94, 0x1b, 0xcd, 0xa7, 0xc5, 0xe9, 0xbd, 0xe7, 
	0xbd, 0xe7, 0xc6, 0x29, 0xb5, 0x5f, 0x7c, 0x53, 
	0x7b, 0xc9, 0x74, 0x05, 0x74, 0x47, 0x6b, 0x85, 
	0xd6, 0xab, 0x73, 0x9d, 0x4a, 0x53, 0x31, 0x8b, 
	0x31, 0x4b, 0x4a, 0x11, 0x29, 0x4b, 0x18, 0xc7, 
	0x10, 0x85, 0x10, 0x85, 0x18, 0x85, 0x29, 0x49, 
	0x31, 0x49, 0x62, 0x91, 0x83, 0x97, 0x83, 0x97, 
	0x7b, 0x99, 0x20, 0xc5, 0x39, 0x89, 0x6a, 0xd3, 
	0x8b, 0x97, 0xb5, 0x21, 0xde, 0xaf, 0xbd, 0xe7, 
	0xa4, 0xdd, 0x7b, 0xd1, 0xbd, 0x1b, 0xb5, 0xa3, 
	0x9c, 0xd7, 0x94, 0x17, 0x74, 0x91, 0x6b, 0xcd, 
	0xde, 0xaf, 0x8c, 0x63, 0x5a, 0x95, 0x41, 0xcf, 
	0x31, 0x4b, 0x31, 0x4b, 0x20, 0xc7, 0x18, 0x85, 
	0x18, 0xc5, 0x08, 0x45, 0x18, 0x85, 0x39, 0x89, 
	0x73, 0x15, 0x83, 0x99, 0x73, 0x55, 0x4a, 0x0b, 
	0x39, 0x89, 0x29, 0x09, 0x39, 0x89, 0x73, 0x15, 
	0x8b, 0x99, 0xbd, 0x23, 0x9d, 0x23, 0x8c, 0xa1, 
	0x84, 0x9f, 0x84, 0x9d, 0x94, 0xe5, 0xb5, 0xe5, 
	0xa5, 0xa3, 0xb5, 0x63, 0x9d, 0x1f, 0x8c, 0x5b, 
	0xde, 0xef, 0xb5, 0xe9, 0x52, 0x53, 0x41, 0xcf, 
	0x39, 0x8b, 0x29, 0x09, 0x31, 0x4b, 0x20, 0xc5, 
	0x21, 0x07, 0x31, 0x49, 0x39, 0x49, 0x5a, 0x4f, 
	0xc5, 0xa9, 0x9c, 0x1b, 0x5a, 0x91, 0x6b, 0x15, 
	0x41, 0xcb, 0x29, 0x09, 0x31, 0x47, 0x73, 0x15, 
	0xac, 0xe1, 0xd6, 0x2b, 0x83, 0xdb, 0x6b, 0x97, 
	0x94, 0x9f, 0x94, 0xa1, 0x94, 0xdf, 0x8c, 0xdd, 
	0x9c, 0xe1, 0x8c, 0xdd, 0x8c, 0xe1, 0x94, 0xe1, 
	0x7c, 0x5f, 0x73, 0xdb, 0x42, 0x0f, 0x4a, 0x11, 
	0x39, 0x8d, 0x31, 0x49, 0x29, 0x09, 0x31, 0x49, 
	0x52, 0x51, 0x62, 0x91, 0x83, 0x97, 0x8b, 0xd9, 
	0xa4, 0xdf, 0x5a, 0x51, 0x52, 0x4f, 0x39, 0x8b, 
	0x29, 0x49, 0x29, 0x07, 0x4a, 0x0d, 0x7b, 0x57, 
	0xa4, 0x5d, 0xc5, 0xa5, 0x6b, 0x15, 0x39, 0x49, 
	0x84, 0x9d, 0x84, 0x1d, 0x84, 0x5d, 0x7c, 0x1b, 
	0x84, 0x5d, 0x84, 0x5d, 0x84, 0x5d, 0x8c, 0x9f, 
	0x6b, 0xdb, 0x63, 0x99, 0x4a, 0x53, 0x39, 0xcd, 
	0x39, 0x8d, 0x39, 0x8d, 0x31, 0x4b, 0x41, 0xcd, 
	0x4a, 0x0d, 0x73, 0x13, 0x93, 0xd9, 0xa4, 0x9d, 
	0x83, 0x9b, 0x29, 0x05, 0x4a, 0x0d, 0x41, 0xcd, 
	0x20, 0xc7, 0x39, 0x8b, 0x5a, 0x4f, 0x9c, 0x5d, 
	0x8b, 0xd9, 0xbd, 0x65, 0x6a, 0xd5, 0x28, 0xc7, 
	0x84, 0x9d, 0x8c, 0x5d, 0x8c, 0x9d, 0x94, 0x9f, 
	0x8c, 0x9d, 0x8c, 0x9d, 0x8c, 0x9d, 0x94, 0x9f, 
	0x53, 0x17, 0x42, 0xd5, 0x4a, 0x51, 0x39, 0x8b, 
	0x31, 0x4b, 0x4a, 0x0f, 0x41, 0xcf, 0x4a, 0x0f, 
	0x41, 0xcb, 0x83, 0x97, 0xa4, 0x5d, 0xb4, 0xe1, 
	0x6a, 0xd3, 0x31, 0x89, 0x41, 0xcb, 0x39, 0x89, 
	0x39, 0xcb, 0x41, 0x8b, 0x73, 0x55, 0x83, 0x97, 
	0x8b, 0xd9, 0xc5, 0xa9, 0x83, 0xdb, 0x39, 0x8d, 
	0x94, 0xdb, 0x8c, 0x9f, 0x8c, 0x9f, 0x94, 0xdf, 
	0x8c, 0x9f, 0x8c, 0x9f, 0x8c, 0x9f, 0x94, 0xe1, 
	0x42, 0x95, 0x3a, 0x53, 0x3a, 0x0f, 0x39, 0x8b, 
	0x31, 0x49, 0x41, 0xcf, 0x41, 0xcd, 0x5a, 0x93, 
	0x52, 0x0d, 0x52, 0x4d, 0x83, 0x97, 0xb4, 0xdf, 
	0xb5, 0x23, 0x7b, 0x99, 0x31, 0x49, 0x4a, 0x4f, 
	0x5a, 0xd3, 0x49, 0xcf, 0x94, 0x1b, 0x9c, 0x5f, 
	0xb5, 0x23, 0xee, 0xf1, 0x4a, 0x0d, 0x62, 0xd3, 
	0x8c, 0x9b, 0x8c, 0x9d, 0x8c, 0x9d, 0x8c, 0x9d, 
	0x8c, 0x9d, 0x8c, 0x9d, 0x8c, 0x9f, 0x9d, 0x23, 
	0x3a, 0x53, 0x29, 0xd1, 0x21, 0x8b, 0x21, 0x07, 
	0x10, 0x83, 0x29, 0x09, 0x4a, 0x11, 0x41, 0xcf, 
	0x83, 0xd9, 0xa4, 0xa1, 0xa4, 0xe1, 0xcd, 0xe7, 
	0xe6, 0xad, 0x63, 0x13, 0x6b, 0x15, 0x5a, 0x91, 
	0x39, 0xcb, 0x4a, 0x11, 0x9c, 0x9f, 0xc5, 0xa9, 
	0xd6, 0x2b, 0xce, 0x2d, 0x6b, 0x53, 0x8c, 0x59, 
	0x94, 0x9d, 0x94, 0x9d, 0x8c, 0x9d, 0x8c, 0x9b, 
	0x8c, 0x9d, 0x94, 0xdd, 0x94, 0xdf, 0x84, 0x5b, 
	0x32, 0x11, 0x32, 0x0f, 0x21, 0x8b, 0x11, 0x05, 
	0x18, 0xc5, 0x39, 0x8d, 0x4a, 0x0f, 0x7b, 0x59, 
	0x93, 0xdb, 0xac, 0xe1, 0xc5, 0xa7, 0xad, 0x21, 
	0xee, 0xf1, 0x63, 0x13, 0x5a, 0xcf, 0x42, 0x09, 
	0x4a, 0x4d, 0x62, 0xd5, 0xa4, 0xe3, 0xac, 0xe3, 
	0xc5, 0xa7, 0xe6, 0xf1, 0x9c, 0xdf, 0x8c, 0x9b, 
	0x8c, 0x9b, 0x8c, 0x5b, 0x8c, 0x9b, 0x8c, 0x9b, 
	0x8c, 0x9d, 0x8c, 0x9d, 0xad, 0xa5, 0x84, 0x5b, 
	0x3a, 0x51, 0x32, 0x0f, 0x29, 0xcd, 0x21, 0x49, 
	0x10, 0xc5, 0x10, 0xc5, 0x10, 0x83, 0x41, 0xcd, 
	0x41, 0xcf, 0xbd, 0x67, 0xe6, 0xaf, 0xac, 0xe3, 
	0xc5, 0xa7, 0x6b, 0x53, 0x5b, 0x11, 0x42, 0x4b, 
	0x6b, 0x93, 0x62, 0xd5, 0xb5, 0x27, 0xc5, 0x69, 
	0xb5, 0x25, 0xcd, 0xeb, 0xa5, 0x63, 0x84, 0x5b, 
	0x9c, 0xdf, 0x9d, 0x1f, 0x94, 0xdd, 0x8c, 0x9d, 
	0x8c, 0x9f, 0x94, 0xdf, 0x9d, 0x63, 0x94, 0xdf, 
	0x42, 0x51, 0x32, 0x0f, 0x29, 0xcd, 0x29, 0x8b, 
	0x21, 0x49, 0x19, 0x07, 0x10, 0xc5, 0x20, 0xc5, 
	0x5a, 0x93, 0xcd, 0xe9, 0xde, 0x6d, 0x7b, 0x57, 
	0xb4, 0xe3, 0x73, 0x93, 0x8c, 0x57, 0x73, 0x93, 
	0x9d, 0x1f, 0x5a, 0x95, 0x73, 0x55, 0x7b, 0x57, 
	0xa4, 0x5f, 0xb5, 0x23, 0xbd, 0xa7, 0x6b, 0xd5, 
	0x84, 0x9b, 0xa5, 0x63, 0x8c, 0xdf, 0x7c, 0x5b, 
	0x95, 0x21, 0x63, 0x95, 0x6b, 0xd9, 0x7c, 0x1b, 
	0x3a, 0x0f, 0x32, 0x0f, 0x29, 0xcd, 0x29, 0xcd, 
	0x21, 0x49, 0x21, 0x09, 0x19, 0x07, 0x29, 0x49, 
	0x62, 0xd5, 0x94, 0x1b, 0xde, 0xaf, 0x94, 0x1d, 
	0x8b, 0x99, 0x94, 0x5f, 0x84, 0x17, 0x6b, 0x51, 
	0x84, 0x15, 0x73, 0x5b, 0x41, 0xcf, 0x73, 0x59, 
	0x9c, 0x5f, 0xac, 0xe3, 0x94, 0x1d, 0x8c, 0x5b, 
	0x9c, 0xdf, 0xa5, 0x61, 0x94, 0xdd, 0x84, 0x5b, 
	0x84, 0x1b, 0x8c, 0x5d, 0xa5, 0xa5, 0x94, 0xe3, 
	
};

Gfx castle_grounds_dl_wdstck_ci8_aligner[] = {gsSPEndDisplayList()};
u8 castle_grounds_dl_wdstck_ci8[] = {
	0x00, 0x00, 0x00, 0x01, 0x01, 0x01, 0x01, 0x02, 
	0x02, 0x02, 0x03, 0x03, 0x04, 0x04, 0x04, 0x04, 
	0x05, 0x05, 0x06, 0x06, 0x07, 0x07, 0x07, 0x07, 
	0x07, 0x07, 0x07, 0x07, 0x07, 0x07, 0x07, 0x07, 
	0x08, 0x00, 0x00, 0x09, 0x09, 0x01, 0x01, 0x01, 
	0x02, 0x02, 0x02, 0x03, 0x03, 0x04, 0x04, 0x04, 
	0x05, 0x06, 0x06, 0x06, 0x06, 0x06, 0x07, 0x07, 
	0x07, 0x07, 0x07, 0x07, 0x07, 0x07, 0x07, 0x07, 
	0x08, 0x08, 0x08, 0x08, 0x00, 0x09, 0x01, 0x01, 
	0x02, 0x01, 0x01, 0x0a, 0x0a, 0x03, 0x04, 0x04, 
	0x04, 0x05, 0x05, 0x06, 0x06, 0x06, 0x06, 0x07, 
	0x07, 0x07, 0x07, 0x07, 0x07, 0x07, 0x0b, 0x0b, 
	0x0c, 0x0c, 0x08, 0x08, 0x00, 0x08, 0x09, 0x01, 
	0x01, 0x01, 0x01, 0x01, 0x0a, 0x02, 0x04, 0x04, 
	0x04, 0x04, 0x05, 0x06, 0x06, 0x06, 0x06, 0x06, 
	0x07, 0x07, 0x07, 0x07, 0x0b, 0x0b, 0x0b, 0x07, 
	0x0c, 0x08, 0x08, 0x08, 0x08, 0x08, 0x00, 0x09, 
	0x01, 0x01, 0x01, 0x01, 0x0a, 0x0a, 0x04, 0x04, 
	0x04, 0x04, 0x05, 0x06, 0x06, 0x06, 0x06, 0x06, 
	0x07, 0x07, 0x07, 0x07, 0x0b, 0x0b, 0x07, 0x07, 
	0x08, 0x08, 0x08, 0x08, 0x08, 0x08, 0x09, 0x00, 
	0x01, 0x01, 0x01, 0x01, 0x0a, 0x0a, 0x04, 0x04, 
	0x04, 0x04, 0x05, 0x05, 0x06, 0x06, 0x06, 0x07, 
	0x06, 0x07, 0x07, 0x07, 0x07, 0x07, 0x07, 0x07, 
	0x08, 0x08, 0x08, 0x08, 0x00, 0x08, 0x00, 0x09, 
	0x09, 0x01, 0x01, 0x01, 0x01, 0x01, 0x03, 0x04, 
	0x04, 0x04, 0x04, 0x06, 0x05, 0x06, 0x06, 0x05, 
	0x06, 0x06, 0x07, 0x07, 0x07, 0x07, 0x07, 0x07, 
	0x08, 0x08, 0x08, 0x08, 0x08, 0x08, 0x08, 0x08, 
	0x08, 0x09, 0x01, 0x01, 0x01, 0x01, 0x01, 0x03, 
	0x03, 0x03, 0x04, 0x04, 0x04, 0x05, 0x05, 0x06, 
	0x06, 0x06, 0x07, 0x07, 0x07, 0x07, 0x07, 0x07, 
	0x0c, 0x08, 0x08, 0x08, 0x08, 0x08, 0x08, 0x08, 
	0x08, 0x09, 0x01, 0x01, 0x01, 0x01, 0x01, 0x01, 
	0x0a, 0x0a, 0x03, 0x04, 0x04, 0x06, 0x06, 0x06, 
	0x06, 0x06, 0x06, 0x06, 0x07, 0x07, 0x07, 0x07, 
	0x0c, 0x0c, 0x08, 0x08, 0x08, 0x08, 0x08, 0x08, 
	0x08, 0x08, 0x0d, 0x01, 0x01, 0x01, 0x01, 0x01, 
	0x0a, 0x0a, 0x03, 0x03, 0x04, 0x04, 0x0e, 0x06, 
	0x06, 0x06, 0x06, 0x06, 0x06, 0x07, 0x07, 0x07, 
	0x0c, 0x0c, 0x0c, 0x0c, 0x08, 0x08, 0x08, 0x08, 
	0x08, 0x08, 0x08, 0x0d, 0x09, 0x09, 0x09, 0x01, 
	0x01, 0x0a, 0x0a, 0x0a, 0x03, 0x04, 0x0e, 0x04, 
	0x0e, 0x0e, 0x06, 0x06, 0x06, 0x07, 0x06, 0x07, 
	0x0c, 0x0c, 0x0f, 0x0c, 0x0c, 0x0c, 0x0c, 0x0c, 
	0x08, 0x08, 0x08, 0x08, 0x08, 0x0d, 0x0d, 0x09, 
	0x09, 0x01, 0x01, 0x0a, 0x03, 0x03, 0x04, 0x04, 
	0x04, 0x0e, 0x0e, 0x06, 0x0e, 0x06, 0x06, 0x10, 
	0x0f, 0x0f, 0x0f, 0x0c, 0x0f, 0x0f, 0x0f, 0x0f, 
	0x0c, 0x08, 0x08, 0x08, 0x08, 0x0d, 0x0d, 0x0d, 
	0x09, 0x01, 0x01, 0x0a, 0x0a, 0x0a, 0x0a, 0x0a, 
	0x04, 0x0e, 0x0e, 0x0e, 0x06, 0x06, 0x06, 0x06, 
	0x0f, 0x0f, 0x0f, 0x0f, 0x0f, 0x0f, 0x0f, 0x0f, 
	0x0f, 0x0c, 0x0c, 0x08, 0x08, 0x08, 0x0d, 0x0d, 
	0x0d, 0x0d, 0x09, 0x01, 0x0a, 0x0a, 0x0a, 0x0a, 
	0x03, 0x0e, 0x0e, 0x0e, 0x0e, 0x06, 0x06, 0x06, 
	0x0f, 0x0f, 0x0f, 0x0f, 0x0f, 0x0f, 0x0f, 0x0f, 
	0x0f, 0x0f, 0x0f, 0x0c, 0x0c, 0x0c, 0x08, 0x08, 
	0x0d, 0x0d, 0x09, 0x09, 0x01, 0x0a, 0x0a, 0x04, 
	0x03, 0x03, 0x0e, 0x0e, 0x0e, 0x0e, 0x0e, 0x06, 
	0x0f, 0x0f, 0x0f, 0x0f, 0x0f, 0x0f, 0x0f, 0x0f, 
	0x0f, 0x0f, 0x0f, 0x0f, 0x0c, 0x0c, 0x0c, 0x0c, 
	0x0d, 0x0d, 0x0d, 0x09, 0x01, 0x0a, 0x0a, 0x0a, 
	0x0a, 0x03, 0x04, 0x0e, 0x0e, 0x0e, 0x0e, 0x0e, 
	0x0f, 0x0f, 0x0f, 0x0f, 0x0f, 0x0f, 0x11, 0x11, 
	0x11, 0x0f, 0x12, 0x12, 0x0c, 0x12, 0x0c, 0x0c, 
	0x08, 0x08, 0x0d, 0x0d, 0x09, 0x0a, 0x0a, 0x0a, 
	0x0a, 0x03, 0x04, 0x04, 0x0e, 0x0e, 0x0e, 0x0e, 
	0x0f, 0x0f, 0x0f, 0x0f, 0x0f, 0x11, 0x11, 0x11, 
	0x11, 0x0f, 0x0f, 0x0c, 0x0c, 0x12, 0x0f, 0x0c, 
	0x08, 0x08, 0x0d, 0x0d, 0x09, 0x13, 0x0a, 0x0a, 
	0x0a, 0x0a, 0x03, 0x03, 0x0e, 0x0e, 0x0e, 0x0e, 
	0x0f, 0x0f, 0x0f, 0x0f, 0x0f, 0x11, 0x11, 0x11, 
	0x11, 0x11, 0x0f, 0x0f, 0x12, 0x0c, 0x0c, 0x0c, 
	0x0c, 0x0c, 0x0d, 0x0d, 0x0d, 0x09, 0x09, 0x0a, 
	0x0a, 0x0a, 0x03, 0x03, 0x0e, 0x0e, 0x06, 0x0e, 
	0x0f, 0x0f, 0x0f, 0x0f, 0x0f, 0x11, 0x11, 0x11, 
	0x11, 0x11, 0x11, 0x0f, 0x14, 0x0c, 0x0c, 0x0c, 
	0x0c, 0x0c, 0x0c, 0x0d, 0x0d, 0x09, 0x09, 0x0a, 
	0x0a, 0x03, 0x03, 0x03, 0x0e, 0x06, 0x0e, 0x0e, 
	0x0f, 0x0f, 0x0f, 0x0f, 0x0f, 0x11, 0x11, 0x11, 
	0x11, 0x11, 0x0f, 0x0f, 0x0c, 0x14, 0x14, 0x0c, 
	0x0c, 0x0c, 0x08, 0x0d, 0x0d, 0x09, 0x09, 0x0a, 
	0x0a, 0x03, 0x03, 0x0e, 0x04, 0x0e, 0x0e, 0x06, 
	0x0f, 0x0f, 0x0f, 0x0f, 0x0f, 0x11, 0x11, 0x11, 
	0x0f, 0x11, 0x0f, 0x0f, 0x14, 0x14, 0x14, 0x0c, 
	0x0c, 0x0c, 0x0c, 0x0d, 0x0d, 0x09, 0x09, 0x0a, 
	0x0a, 0x03, 0x03, 0x15, 0x0e, 0x0e, 0x0e, 0x06, 
	0x0f, 0x0f, 0x0c, 0x14, 0x0f, 0x0f, 0x11, 0x0f, 
	0x09, 0x16, 0x17, 0x18, 0x19, 0x1a, 0x18, 0x1b, 
	0x1c, 0x1c, 0x1b, 0x1d, 0x06, 0x0a, 0x0a, 0x0a, 
	0x0a, 0x03, 0x0d, 0x1e, 0x1f, 0x06, 0x06, 0x06, 
	0x0f, 0x0f, 0x0c, 0x12, 0x12, 0x0f, 0x12, 0x09, 
	0x1d, 0x20, 0x21, 0x1c, 0x22, 0x22, 0x1c, 0x1c, 
	0x1c, 0x1c, 0x1a, 0x18, 0x18, 0x1d, 0x0a, 0x01, 
	0x0a, 0x23, 0x24, 0x24, 0x25, 0x06, 0x06, 0x06, 
	0x08, 0x26, 0x00, 0x0c, 0x0c, 0x27, 0x0c, 0x28, 
	0x29, 0x26, 0x18, 0x1b, 0x22, 0x22, 0x1c, 0x1b, 
	0x1c, 0x1a, 0x18, 0x2a, 0x16, 0x28, 0x18, 0x2b, 
	0x2c, 0x2d, 0x2e, 0x2c, 0x2f, 0x06, 0x06, 0x06, 
	0x20, 0x30, 0x17, 0x2b, 0x0a, 0x28, 0x20, 0x31, 
	0x32, 0x16, 0x31, 0x28, 0x1c, 0x1b, 0x33, 0x1b, 
	0x1c, 0x34, 0x28, 0x17, 0x35, 0x36, 0x37, 0x38, 
	0x39, 0x3a, 0x3b, 0x2c, 0x3c, 0x3d, 0x06, 0x06, 
	0x32, 0x06, 0x3e, 0x3f, 0x0e, 0x40, 0x41, 0x40, 
	0x42, 0x43, 0x01, 0x18, 0x1b, 0x1b, 0x1c, 0x1b, 
	0x1b, 0x44, 0x45, 0x03, 0x46, 0x47, 0x47, 0x48, 
	0x49, 0x4a, 0x3b, 0x4b, 0x24, 0x3d, 0x10, 0x06, 
	0x17, 0x09, 0x11, 0x4c, 0x4d, 0x4e, 0x4f, 0x50, 
	0x51, 0x52, 0x16, 0x28, 0x1a, 0x19, 0x1a, 0x28, 
	0x31, 0x20, 0x21, 0x21, 0x53, 0x54, 0x55, 0x56, 
	0x56, 0x57, 0x58, 0x23, 0x24, 0x10, 0x0b, 0x10, 
	0x04, 0x0c, 0x03, 0x59, 0x5a, 0x4e, 0x5b, 0x5c, 
	0x5d, 0x5e, 0x45, 0x20, 0x0c, 0x36, 0x5f, 0x5f, 
	0x60, 0x37, 0x55, 0x61, 0x21, 0x1a, 0x20, 0x62, 
	0x31, 0x63, 0x64, 0x2e, 0x65, 0x07, 0x0b, 0x0b, 
	0x07, 0x66, 0x67, 0x0a, 0x11, 0x43, 0x09, 0x68, 
	0x69, 0x1d, 0x1d, 0x6a, 0x6b, 0x6c, 0x60, 0x5f, 
	0x5f, 0x6d, 0x6e, 0x46, 0x35, 0x1a, 0x1b, 0x17, 
	0x6f, 0x3d, 0x70, 0x71, 0x72, 0x2a, 0x31, 0x31, 
	0x16, 0x3f, 0x73, 0x74, 0x0c, 0x06, 0x16, 0x31, 
	0x20, 0x30, 0x75, 0x76, 0x47, 0x6b, 0x77, 0x78, 
	0x6b, 0x6c, 0x79, 0x75, 0x75, 0x42, 0x7a, 0x1a, 
	0x7b, 0x17, 0x7c, 0x3d, 0x7d, 0x06, 0x31, 0x2a, 
	0x16, 0x03, 0x67, 0x59, 0x3f, 0x09, 0x17, 0x20, 
	0x31, 0x60, 0x49, 0x4d, 0x4d, 0x38, 0x7e, 0x49, 
	0x38, 0x47, 0x49, 0x7f, 0x7f, 0x47, 0x80, 0x1b, 
	0x29, 0x81, 0x82, 0x28, 0x83, 0x06, 0x81, 0x2a, 
	0x7b, 0x31, 0x67, 0x84, 0x85, 0x5d, 0x17, 0x81, 
	0x43, 0x49, 0x86, 0x86, 0x86, 0x7f, 0x7f, 0x38, 
	0x4d, 0x38, 0x7f, 0x87, 0x88, 0x7f, 0x77, 0x89, 
	0x1a, 0x1d, 0x8a, 0x2a, 0x30, 0x07, 0x17, 0x81, 
	0x7b, 0x7b, 0x03, 0x8b, 0x8c, 0x11, 0x31, 0x17, 
	0x41, 0x86, 0x86, 0x87, 0x87, 0x87, 0x7f, 0x7f, 
	0x7f, 0x7f, 0x87, 0x87, 0x87, 0x7f, 0x38, 0x16, 
	0x1a, 0x20, 0x18, 0x1d, 0x2a, 0x16, 0x07, 0x18, 
	0x7b, 0x7b, 0x31, 0x8b, 0x63, 0x3f, 0x17, 0x03, 
	0x7e, 0x7f, 0x87, 0x87, 0x87, 0x87, 0x7f, 0x7f, 
	0x87, 0x86, 0x87, 0x87, 0x87, 0x7f, 0x49, 0x80, 
	0x20, 0x1a, 0x81, 0x18, 0x81, 0x17, 0x07, 0x20, 
	0x7b, 0x7b, 0x7b, 0x8d, 0x63, 0x12, 0x16, 0x11, 
	0x5b, 0x86, 0x87, 0x87, 0x87, 0x87, 0x87, 0x87, 
	0x87, 0x87, 0x38, 0x7f, 0x7f, 0x79, 0x8e, 0x8f, 
	0x90, 0x89, 0x91, 0x81, 0x81, 0x2a, 0x06, 0x06, 
	0x7b, 0x7b, 0x7b, 0x92, 0x63, 0x16, 0x03, 0x66, 
	0x76, 0x87, 0x87, 0x87, 0x87, 0x7f, 0x87, 0x87, 
	0x87, 0x87, 0x49, 0x6b, 0x78, 0x79, 0x78, 0x54, 
	0x93, 0x94, 0x20, 0x30, 0x2a, 0x2a, 0x29, 0x05, 
	0x7b, 0x7b, 0x7b, 0x95, 0x63, 0x10, 0x13, 0x96, 
	0x5a, 0x5b, 0x4d, 0x4d, 0x4d, 0x86, 0x87, 0x7f, 
	0x87, 0x87, 0x86, 0x4d, 0x7e, 0x7e, 0x41, 0x35, 
	0x93, 0x97, 0x98, 0x16, 0x20, 0x81, 0x7b, 0x06, 
	0x7b, 0x7b, 0x7b, 0x95, 0x63, 0x0a, 0x11, 0x96, 
	0x40, 0x99, 0x9a, 0x4d, 0x86, 0x86, 0x87, 0x87, 
	0x87, 0x87, 0x7f, 0x7f, 0x7f, 0x86, 0x40, 0x9b, 
	0x9c, 0x29, 0x69, 0x17, 0x28, 0x81, 0x2a, 0x07, 
	0x7b, 0x7b, 0x31, 0x9d, 0x63, 0x12, 0x3f, 0x43, 
	0x36, 0x9e, 0x86, 0x86, 0x87, 0x87, 0x86, 0x86, 
	0x87, 0x86, 0x7f, 0x7f, 0x86, 0x7e, 0x9f, 0xa0, 
	0x00, 0x6f, 0x29, 0x7b, 0x19, 0x31, 0x2a, 0x26, 
	0x7b, 0x7b, 0x31, 0xa1, 0x63, 0x4c, 0xa2, 0xa3, 
	0xa4, 0x60, 0x4d, 0x87, 0x86, 0x7f, 0x86, 0x7f, 
	0x87, 0x7f, 0x4d, 0xa5, 0x7e, 0x5f, 0xa6, 0x35, 
	0x00, 0x9c, 0x29, 0x1d, 0x1c, 0x81, 0x31, 0x7b, 
	0x7b, 0x7b, 0x7b, 0x73, 0x27, 0xa2, 0xa7, 0xa8, 
	0x52, 0x40, 0x4e, 0x4d, 0xa5, 0x7f, 0x4d, 0x7f, 
	0x86, 0x4d, 0x4d, 0x76, 0x5f, 0xa9, 0x9f, 0x8f, 
	0xaa, 0x02, 0x05, 0x28, 0x45, 0x31, 0x29, 0x26, 
	0x7b, 0x7b, 0x7b, 0x30, 0x4c, 0x96, 0xa7, 0xab, 
	0x52, 0x40, 0x5a, 0x41, 0x7e, 0x51, 0x4d, 0x7f, 
	0x4d, 0x38, 0x99, 0x78, 0x46, 0x36, 0x56, 0xac, 
	0x9b, 0x00, 0x05, 0x20, 0x18, 0x17, 0x07, 0x06, 
	0x7b, 0x7b, 0x7b, 0x83, 0x59, 0xad, 0xae, 0xab, 
	0xaf, 0xb0, 0x39, 0x4e, 0x41, 0x76, 0x7e, 0x76, 
	0x7e, 0x4e, 0x78, 0xb1, 0xb1, 0x52, 0xb2, 0xb3, 
	0xb4, 0xaa, 0x7b, 0x18, 0x18, 0x6f, 0x04, 0x09, 
	0x7b, 0x7b, 0x7b, 0x83, 0xb5, 0x96, 0xb6, 0xab, 
	0xb7, 0x46, 0x39, 0x60, 0x41, 0x77, 0x41, 0x39, 
	0x39, 0x78, 0x5a, 0x40, 0xb8, 0xa4, 0xa4, 0xb3, 
	0x9b, 0x04, 0x32, 0x83, 0x31, 0x07, 0x03, 0x08, 
	0x7b, 0x7b, 0x7b, 0x7b, 0xb9, 0xba, 0xbb, 0xab, 
	0xb7, 0xb2, 0x46, 0xb1, 0x78, 0x5a, 0x5a, 0xbc, 
	0x9e, 0x41, 0x78, 0xbd, 0x40, 0x46, 0xbe, 0xb2, 
	0x0f, 0x83, 0x83, 0x83, 0xbf, 0x2b, 0x06, 0x03, 
	0x7b, 0x7b, 0x7b, 0x7b, 0xb5, 0x59, 0xc0, 0xb6, 
	0xc1, 0x52, 0x6a, 0x6a, 0x5a, 0xc2, 0x6a, 0x76, 
	0x4d, 0x4d, 0x51, 0x76, 0x9e, 0x4e, 0x46, 0x96, 
	0x06, 0x32, 0x2b, 0x2b, 0x2b, 0xc3, 0x1d, 0x16, 
	0x7b, 0x7b, 0x7b, 0x7b, 0x7b, 0x3d, 0xc4, 0xad, 
	0x3a, 0xc5, 0xb8, 0xb8, 0xc6, 0x39, 0x76, 0x86, 
	0x4d, 0x4d, 0xc7, 0x76, 0xbc, 0xbd, 0x43, 0x11, 
	0x0b, 0x83, 0x2b, 0x2b, 0xc3, 0x19, 0x21, 0x17, 
	0x7b, 0x7b, 0x7b, 0x7b, 0x7b, 0x83, 0x63, 0x85, 
	0xa2, 0xb6, 0xc8, 0xb1, 0x9e, 0x9e, 0x99, 0xc7, 
	0xc9, 0x76, 0xbc, 0x5a, 0xb2, 0xca, 0x96, 0xcb, 
	0xcc, 0xbf, 0xcd, 0xce, 0x21, 0x19, 0xcf, 0x1b, 
	0x7b, 0x7b, 0x7b, 0x7b, 0x7b, 0x7b, 0x63, 0x63, 
	0x12, 0xd0, 0xb6, 0xaf, 0xd1, 0x5a, 0xb1, 0x39, 
	0xc2, 0xb1, 0xbe, 0x52, 0xc1, 0xa7, 0x12, 0x0e, 
	0x83, 0x2b, 0x18, 0x19, 0xd2, 0x21, 0xcf, 0x7a, 
	0x7b, 0x7b, 0x7b, 0x7b, 0x7b, 0x31, 0x1f, 0xd3, 
	0xd4, 0xc4, 0x96, 0xa7, 0xab, 0xaf, 0x52, 0xb8, 
	0xb8, 0x52, 0xc8, 0xb2, 0xab, 0xa2, 0x0a, 0x32, 
	0x2b, 0x18, 0x45, 0x21, 0x21, 0x21, 0xcf, 0x7a, 
	0x7b, 0x7b, 0x7b, 0x7b, 0x7b, 0x31, 0x0e, 0xd5, 
	0x12, 0xa2, 0xa7, 0xd6, 0xc0, 0xb6, 0xab, 0xb7, 
	0xaf, 0xb7, 0xab, 0xa7, 0xa2, 0xd5, 0x0b, 0x83, 
	0x2b, 0x18, 0xc3, 0x19, 0x21, 0x7a, 0xcf, 0xcf, 
	0x7b, 0x7b, 0x7b, 0x7b, 0x7b, 0x17, 0x0b, 0x0e, 
	0x63, 0x4c, 0xd7, 0xd6, 0xd6, 0xc0, 0xc0, 0x96, 
	0x96, 0xd7, 0x96, 0x4c, 0xd5, 0x0b, 0xd8, 0x83, 
	0x2b, 0xce, 0xce, 0x19, 0x7a, 0x7a, 0xcf, 0xcf, 
	0x7b, 0x7b, 0x7b, 0x7b, 0x7b, 0x32, 0x32, 0xd9, 
	0xcb, 0xd4, 0xd0, 0xa7, 0x57, 0x57, 0xa7, 0xd7, 
	0xb6, 0xd7, 0xc4, 0xd3, 0xd5, 0x32, 0x82, 0x2b, 
	0xda, 0x28, 0xc3, 0x19, 0x21, 0x21, 0x7a, 0x1b, 
	0x7b, 0x7b, 0x7b, 0x7b, 0x83, 0x2a, 0x83, 0x0b, 
	0x0a, 0xd4, 0xa2, 0x96, 0xd7, 0xdb, 0xa7, 0xd0, 
	0x96, 0xa7, 0xdc, 0xdd, 0x0e, 0x32, 0x83, 0x2b, 
	0xda, 0x28, 0xc3, 0x19, 0x19, 0x19, 0x19, 0x19, 
	0x7b, 0x7b, 0x7b, 0x31, 0x31, 0x32, 0x10, 0x0e, 
	0xd5, 0x12, 0xa2, 0xd7, 0xa7, 0xa7, 0xd0, 0xa2, 
	0xde, 0xa2, 0x59, 0xd5, 0x0b, 0x32, 0x83, 0x2b, 
	0xda, 0x18, 0x45, 0x45, 0x45, 0x1a, 0x1a, 0x45, 
	0x7b, 0x7b, 0x83, 0x2b, 0x32, 0x0b, 0x0e, 0x0a, 
	0x0d, 0xd4, 0xdf, 0x96, 0xd7, 0xd7, 0xa2, 0x4c, 
	0x12, 0x12, 0xd3, 0x0e, 0x0b, 0xe0, 0x83, 0xbf, 
	0x2b, 0x18, 0x18, 0x28, 0x28, 0x45, 0x28, 0x28, 
	0x7b, 0x83, 0xe1, 0x0b, 0x3d, 0xcb, 0xd5, 0x0d, 
	0x12, 0x4c, 0xdf, 0xd0, 0x96, 0xd7, 0x96, 0xa2, 
	0x12, 0x12, 0xd3, 0xcb, 0x0b, 0x32, 0xd8, 0x82, 
	0xcd, 0x2b, 0x18, 0x18, 0x18, 0x28, 0x28, 0x28, 
	0x17, 0x32, 0x10, 0x0e, 0x0a, 0x63, 0x85, 0x12, 
	0x59, 0x4c, 0xde, 0xd7, 0x96, 0x96, 0x96, 0xd7, 
	0xd7, 0xdf, 0xd3, 0xe2, 0x0e, 0x0b, 0xe0, 0xd8, 
	0x83, 0xbf, 0xbf, 0x2b, 0x18, 0x20, 0x28, 0x45, 
	0x0e, 0x0a, 0xd5, 0x63, 0x85, 0x85, 0x85, 0x59, 
	0x4c, 0xa2, 0xd0, 0xd0, 0x96, 0xd0, 0xd0, 0xa2, 
	0xa2, 0xa2, 0xe3, 0x0d, 0xcb, 0xe4, 0x26, 0x83, 
	0x83, 0x83, 0xbf, 0x2b, 0x18, 0x20, 0x45, 0x1a, 
	0x12, 0x4c, 0x59, 0x59, 0x59, 0x70, 0x70, 0xd4, 
	0x4c, 0xa2, 0x96, 0x96, 0xd7, 0x96, 0xd0, 0xa2, 
	0xde, 0x12, 0xd3, 0x0d, 0x0a, 0x0e, 0x32, 0xd8, 
	0x82, 0xbf, 0x2b, 0x1d, 0x18, 0x20, 0x45, 0x1a, 
	0x4c, 0xa2, 0xba, 0xe5, 0xc4, 0xe6, 0xe6, 0x59, 
	0x4c, 0xa2, 0xba, 0x96, 0xc0, 0x96, 0xd0, 0xa2, 
	0x4c, 0x12, 0xd3, 0xe2, 0x0a, 0x0e, 0x0b, 0x32, 
	0xd8, 0x2a, 0x2b, 0x2b, 0x18, 0x20, 0x28, 0x1a, 
	0x12, 0xa2, 0xe5, 0xe7, 0xa1, 0xe6, 0xe6, 0x59, 
	0x59, 0xde, 0xa2, 0xd0, 0xba, 0xba, 0xa2, 0xa2, 
	0x3e, 0x4c, 0x12, 0x0d, 0xe2, 0x0a, 0x04, 0x0b, 
	0x32, 0x83, 0x2b, 0x18, 0x18, 0x18, 0x20, 0x45, 
	0xa2, 0xa7, 0xe8, 0xe9, 0xe7, 0xde, 0x59, 0xde, 
	0xde, 0x4c, 0x5d, 0x5d, 0x4c, 0x4c, 0x4c, 0x11, 
	0x12, 0x0c, 0x08, 0x08, 0x01, 0x0a, 0x03, 0x06, 
	0x06, 0x32, 0x30, 0x81, 0x1d, 0x20, 0x20, 0x1a, 
	
};

Gfx castle_grounds_dl_wdstck_pal_rgba16_aligner[] = {gsSPEndDisplayList()};
u8 castle_grounds_dl_wdstck_pal_rgba16[] = {
	0xa5, 0x27, 0xad, 0x67, 0xad, 0x69, 0xb5, 0x69, 
	0xb5, 0xa9, 0xb5, 0xab, 0xbd, 0xab, 0xbd, 0xeb, 
	0xa5, 0x25, 0xad, 0x27, 0xb5, 0x67, 0xc5, 0xeb, 
	0xa4, 0xe5, 0xad, 0x25, 0xbd, 0xa9, 0x9c, 0xe3, 
	0xc5, 0xab, 0x9c, 0xa3, 0xa4, 0xe3, 0xb5, 0x27, 
	0x9c, 0xe5, 0xbd, 0x69, 0xc5, 0xed, 0xce, 0x2f, 
	0xde, 0xf3, 0xef, 0x37, 0xe7, 0x37, 0xef, 0x79, 
	0xf7, 0xbb, 0xde, 0xb3, 0x8b, 0x55, 0xbd, 0x67, 
	0xde, 0xf5, 0xef, 0x77, 0xf7, 0xbd, 0x83, 0x57, 
	0x8b, 0x53, 0x9b, 0x95, 0xc6, 0x2d, 0xa4, 0xa3, 
	0xe6, 0xf5, 0xc6, 0x2f, 0xd6, 0xb1, 0xde, 0xb1, 
	0x93, 0xd9, 0x7a, 0xd1, 0x83, 0x55, 0xa3, 0xd7, 
	0xce, 0x6f, 0xd6, 0x71, 0xce, 0x2d, 0xff, 0xfd, 
	0xff, 0xbb, 0x84, 0x1f, 0x52, 0x93, 0x42, 0x11, 
	0x10, 0x85, 0x31, 0x49, 0x7b, 0x57, 0x7b, 0x13, 
	0x93, 0x95, 0xc5, 0xa9, 0x94, 0xa1, 0x94, 0x61, 
	0x4a, 0x51, 0x29, 0x49, 0x6b, 0x19, 0x7b, 0x9b, 
	0xf7, 0x7b, 0xe7, 0x35, 0x42, 0x0f, 0x21, 0x09, 
	0x21, 0x0b, 0x18, 0xc7, 0x6a, 0x91, 0x83, 0x97, 
	0x9c, 0xa1, 0x10, 0x83, 0x29, 0x09, 0x31, 0x8f, 
	0x19, 0x09, 0x18, 0x85, 0x5a, 0x93, 0x83, 0xdd, 
	0x94, 0x63, 0x73, 0x5b, 0x62, 0xd7, 0x83, 0x99, 
	0x73, 0x13, 0xa4, 0xa1, 0x39, 0x8b, 0x20, 0xc7, 
	0x5a, 0x95, 0x9c, 0x61, 0x83, 0x9d, 0x41, 0xcf, 
	0x39, 0xcd, 0xce, 0x31, 0xe6, 0xf7, 0xb5, 0x25, 
	0x8b, 0x99, 0x83, 0x11, 0x8c, 0x1f, 0xac, 0xe5, 
	0xbd, 0xad, 0xd6, 0x73, 0x4a, 0x0f, 0x29, 0x4b, 
	0x31, 0x8d, 0x4a, 0x11, 0x41, 0xd1, 0xbd, 0xed, 
	0xac, 0xa1, 0xa4, 0x5d, 0xac, 0x59, 0x93, 0xdd, 
	0x94, 0x1f, 0x39, 0x8d, 0x21, 0x07, 0x31, 0x4b, 
	0x31, 0x8b, 0x39, 0xcf, 0xf7, 0x79, 0xce, 0x71, 
	0xb4, 0xdf, 0xb4, 0xe1, 0x18, 0xc5, 0x08, 0x43, 
	0x94, 0xa3, 0xd6, 0xb3, 0xd6, 0x6d, 0xd6, 0x6f, 
	0xa4, 0x61, 0xac, 0xe3, 0x08, 0x41, 0x00, 0x01, 
	0x00, 0x41, 0xde, 0xf7, 0xe7, 0x39, 0x9c, 0x1b, 
	0xac, 0xa3, 0xac, 0x5d, 0x4a, 0x53, 0x7b, 0xdf, 
	0xce, 0x73, 0xde, 0xb5, 0xa4, 0x1b, 0xb5, 0xad, 
	0xd6, 0xf5, 0x93, 0x97, 0x8c, 0x1d, 0xce, 0xb3, 
	0xd6, 0xb5, 0x20, 0xc5, 0x10, 0x41, 0x8c, 0x61, 
	0xad, 0x6b, 0x93, 0x99, 0x29, 0x07, 0x5a, 0xd7, 
	0x84, 0x21, 0x9c, 0x1d, 0x94, 0x5f, 0x6b, 0x57, 
	0x5a, 0xd5, 0x10, 0x43, 0x63, 0x19, 0x83, 0xdb, 
	0x73, 0x99, 0x52, 0x95, 0x9c, 0xa5, 0x73, 0x57, 
	0x73, 0x9b, 0x8b, 0xdd, 0x7b, 0x59, 0x62, 0xd3, 
	0x52, 0x53, 0x41, 0xcd, 0x62, 0xd5, 0x6b, 0x59, 
	0x8c, 0x21, 0xb4, 0xe3, 0x7b, 0x99, 0x6b, 0x15, 
	0x52, 0x51, 0xbd, 0x65, 0x94, 0x1d, 0x83, 0x9b, 
	0x31, 0x89, 0x42, 0x0d, 0x4a, 0x4f, 0xd6, 0xaf, 
	0x8b, 0xdb, 0x6b, 0x17, 0x39, 0xcb, 0xef, 0x35, 
	0x9c, 0x5f, 0x6a, 0xd5, 0x41, 0x8d, 0x18, 0x83, 
	0x5a, 0x91, 0x21, 0x05, 0x73, 0x17, 0xb5, 0xa7, 
	0xc6, 0x2b, 0xde, 0xaf, 0xe6, 0xf3, 0xf7, 0xb9, 
	0x94, 0x5d, 0x4a, 0x0d, 0xf7, 0x77, 0xad, 0x23, 
	0xa4, 0xe1, 0xb5, 0x65, 0x7b, 0x97, 0x8c, 0x1b, 
	0xce, 0x6d, 0xcd, 0xeb, 0xde, 0xf1, 0x83, 0xd9, 
	0x9c, 0x5d, 0xad, 0x63, 0x9c, 0x9f, 0x94, 0x9f, 
	0xce, 0x2b, 0xd6, 0x2f, 0xad, 0x65, 0xa5, 0x23, 
	0xbd, 0xe9, 0x94, 0x1b, 0xa4, 0x9f, 0x93, 0xdb, 
	0x7b, 0x15, 0x83, 0x17, 
};

Gfx castle_grounds_dl_water_light_2_rgba16_ci8_aligner[] = {gsSPEndDisplayList()};
u8 castle_grounds_dl_water_light_2_rgba16_ci8[] = {
	0x00, 0x01, 0x02, 0x01, 0x00, 0x00, 0x03, 0x04, 
	0x05, 0x00, 0x00, 0x00, 0x05, 0x04, 0x06, 0x00, 
	0x00, 0x00, 0x07, 0x08, 0x09, 0x0a, 0x0b, 0x08, 
	0x0c, 0x00, 0x00, 0x00, 0x00, 0x00, 0x00, 0x00, 
	0x0b, 0x0a, 0x0c, 0x0a, 0x0b, 0x0b, 0x0d, 0x05, 
	0x08, 0x01, 0x00, 0x00, 0x00, 0x04, 0x0c, 0x00, 
	0x00, 0x00, 0x00, 0x05, 0x08, 0x08, 0x08, 0x08, 
	0x01, 0x00, 0x00, 0x00, 0x00, 0x00, 0x00, 0x00, 
	0x00, 0x00, 0x00, 0x00, 0x00, 0x00, 0x0d, 0x07, 
	0x08, 0x0e, 0x00, 0x00, 0x00, 0x0b, 0x0f, 0x00, 
	0x00, 0x00, 0x00, 0x00, 0x0b, 0x08, 0x08, 0x08, 
	0x01, 0x00, 0x00, 0x00, 0x00, 0x00, 0x00, 0x00, 
	0x00, 0x00, 0x00, 0x00, 0x00, 0x00, 0x00, 0x00, 
	0x0b, 0x08, 0x05, 0x00, 0x00, 0x06, 0x08, 0x0d, 
	0x00, 0x00, 0x00, 0x00, 0x0c, 0x08, 0x08, 0x08, 
	0x0c, 0x00, 0x00, 0x00, 0x00, 0x00, 0x00, 0x00, 
	0x00, 0x00, 0x00, 0x00, 0x00, 0x00, 0x00, 0x00, 
	0x00, 0x0b, 0x08, 0x02, 0x00, 0x00, 0x09, 0x0e, 
	0x00, 0x00, 0x00, 0x00, 0x05, 0x08, 0x08, 0x08, 
	0x09, 0x00, 0x00, 0x00, 0x00, 0x00, 0x00, 0x00, 
	0x00, 0x00, 0x00, 0x00, 0x00, 0x00, 0x00, 0x00, 
	0x00, 0x06, 0x08, 0x04, 0x02, 0x00, 0x02, 0x08, 
	0x02, 0x00, 0x00, 0x06, 0x0f, 0x08, 0x08, 0x08, 
	0x08, 0x0b, 0x00, 0x00, 0x00, 0x00, 0x00, 0x00, 
	0x00, 0x00, 0x00, 0x00, 0x00, 0x00, 0x00, 0x00, 
	0x00, 0x0c, 0x08, 0x08, 0x04, 0x0d, 0x00, 0x10, 
	0x04, 0x05, 0x0d, 0x10, 0x08, 0x10, 0x07, 0x0b, 
	0x09, 0x08, 0x07, 0x00, 0x00, 0x00, 0x00, 0x00, 
	0x00, 0x00, 0x00, 0x00, 0x00, 0x00, 0x00, 0x00, 
	0x06, 0x10, 0x0b, 0x0d, 0x07, 0x08, 0x10, 0x08, 
	0x05, 0x01, 0x08, 0x0e, 0x01, 0x00, 0x00, 0x00, 
	0x00, 0x02, 0x04, 0x0e, 0x00, 0x00, 0x00, 0x00, 
	0x00, 0x00, 0x00, 0x00, 0x00, 0x00, 0x00, 0x02, 
	0x10, 0x0c, 0x00, 0x00, 0x00, 0x02, 0x0e, 0x08, 
	0x0b, 0x06, 0x10, 0x00, 0x00, 0x00, 0x00, 0x00, 
	0x00, 0x00, 0x03, 0x10, 0x10, 0x01, 0x00, 0x00, 
	0x07, 0x00, 0x00, 0x00, 0x00, 0x00, 0x05, 0x10, 
	0x02, 0x00, 0x00, 0x00, 0x00, 0x00, 0x00, 0x0c, 
	0x08, 0x08, 0x09, 0x00, 0x00, 0x00, 0x00, 0x00, 
	0x00, 0x00, 0x00, 0x06, 0x0e, 0x04, 0x11, 0x02, 
	0x08, 0x10, 0x0a, 0x0d, 0x0c, 0x10, 0x11, 0x06, 
	0x00, 0x00, 0x00, 0x00, 0x00, 0x00, 0x00, 0x00, 
	0x0d, 0x08, 0x09, 0x00, 0x00, 0x00, 0x00, 0x00, 
	0x00, 0x00, 0x00, 0x00, 0x03, 0x08, 0x08, 0x08, 
	0x08, 0x0f, 0x04, 0x08, 0x08, 0x08, 0x01, 0x00, 
	0x00, 0x00, 0x00, 0x00, 0x00, 0x00, 0x00, 0x00, 
	0x00, 0x10, 0x10, 0x00, 0x00, 0x00, 0x00, 0x00, 
	0x00, 0x00, 0x00, 0x00, 0x00, 0x07, 0x08, 0x08, 
	0x01, 0x00, 0x06, 0x09, 0x08, 0x08, 0x00, 0x00, 
	0x00, 0x00, 0x00, 0x00, 0x00, 0x00, 0x00, 0x00, 
	0x00, 0x05, 0x04, 0x06, 0x00, 0x00, 0x00, 0x00, 
	0x00, 0x00, 0x00, 0x00, 0x00, 0x07, 0x08, 0x04, 
	0x00, 0x00, 0x00, 0x00, 0x12, 0x08, 0x00, 0x00, 
	0x00, 0x00, 0x00, 0x00, 0x00, 0x00, 0x00, 0x00, 
	0x00, 0x06, 0x04, 0x0d, 0x00, 0x00, 0x00, 0x00, 
	0x00, 0x00, 0x00, 0x00, 0x06, 0x04, 0x12, 0x06, 
	0x00, 0x00, 0x00, 0x00, 0x01, 0x08, 0x0d, 0x00, 
	0x00, 0x00, 0x00, 0x00, 0x00, 0x00, 0x00, 0x00, 
	0x00, 0x00, 0x09, 0x0e, 0x00, 0x00, 0x00, 0x00, 
	0x00, 0x00, 0x00, 0x00, 0x0e, 0x10, 0x06, 0x00, 
	0x00, 0x00, 0x00, 0x00, 0x00, 0x0b, 0x10, 0x00, 
	0x00, 0x00, 0x00, 0x00, 0x00, 0x00, 0x00, 0x00, 
	0x00, 0x00, 0x02, 0x08, 0x01, 0x00, 0x00, 0x00, 
	0x00, 0x00, 0x00, 0x07, 0x04, 0x03, 0x00, 0x00, 
	0x00, 0x00, 0x00, 0x00, 0x00, 0x06, 0x04, 0x0a, 
	0x00, 0x00, 0x00, 0x00, 0x00, 0x00, 0x00, 0x00, 
	0x00, 0x00, 0x00, 0x10, 0x07, 0x00, 0x00, 0x00, 
	0x00, 0x00, 0x0c, 0x08, 0x0d, 0x00, 0x00, 0x00, 
	0x00, 0x00, 0x00, 0x00, 0x00, 0x00, 0x05, 0x0f, 
	0x00, 0x00, 0x00, 0x00, 0x00, 0x00, 0x00, 0x00, 
	0x00, 0x00, 0x00, 0x0c, 0x04, 0x0b, 0x0a, 0x0c, 
	0x0c, 0x0b, 0x08, 0x0b, 0x00, 0x00, 0x00, 0x00, 
	0x00, 0x00, 0x00, 0x00, 0x00, 0x00, 0x06, 0x04, 
	0x05, 0x00, 0x00, 0x00, 0x00, 0x00, 0x00, 0x00, 
	0x00, 0x00, 0x00, 0x00, 0x0f, 0x0d, 0x00, 0x00, 
	0x00, 0x0e, 0x0e, 0x00, 0x00, 0x00, 0x00, 0x00, 
	0x00, 0x00, 0x00, 0x00, 0x00, 0x00, 0x00, 0x0a, 
	0x04, 0x06, 0x00, 0x00, 0x00, 0x00, 0x00, 0x00, 
	0x00, 0x00, 0x00, 0x00, 0x0b, 0x10, 0x00, 0x00, 
	0x05, 0x04, 0x03, 0x00, 0x00, 0x00, 0x00, 0x00, 
	0x00, 0x00, 0x00, 0x00, 0x00, 0x00, 0x00, 0x00, 
	0x10, 0x07, 0x00, 0x00, 0x00, 0x00, 0x00, 0x00, 
	0x00, 0x00, 0x00, 0x00, 0x01, 0x08, 0x05, 0x02, 
	0x08, 0x05, 0x00, 0x00, 0x00, 0x00, 0x00, 0x00, 
	0x00, 0x00, 0x00, 0x00, 0x00, 0x00, 0x00, 0x00, 
	0x0d, 0x08, 0x02, 0x00, 0x00, 0x00, 0x00, 0x00, 
	0x00, 0x00, 0x00, 0x00, 0x00, 0x07, 0x08, 0x08, 
	0x10, 0x00, 0x00, 0x00, 0x00, 0x00, 0x00, 0x00, 
	0x00, 0x00, 0x00, 0x00, 0x00, 0x00, 0x00, 0x00, 
	0x06, 0x08, 0x12, 0x00, 0x00, 0x00, 0x00, 0x00, 
	0x00, 0x00, 0x00, 0x00, 0x00, 0x11, 0x08, 0x08, 
	0x12, 0x00, 0x00, 0x00, 0x00, 0x00, 0x00, 0x13, 
	0x00, 0x00, 0x00, 0x00, 0x00, 0x00, 0x00, 0x00, 
	0x0b, 0x08, 0x08, 0x05, 0x00, 0x00, 0x00, 0x00, 
	0x00, 0x00, 0x00, 0x00, 0x06, 0x08, 0x08, 0x08, 
	0x08, 0x0c, 0x00, 0x00, 0x00, 0x06, 0x07, 0x08, 
	0x00, 0x00, 0x00, 0x00, 0x00, 0x00, 0x00, 0x0b, 
	0x08, 0x08, 0x08, 0x08, 0x0c, 0x00, 0x00, 0x00, 
	0x00, 0x00, 0x00, 0x00, 0x09, 0x08, 0x08, 0x11, 
	0x10, 0x08, 0x07, 0x05, 0x07, 0x04, 0x04, 0x0d, 
	0x00, 0x00, 0x00, 0x00, 0x00, 0x00, 0x09, 0x10, 
	0x02, 0x02, 0x10, 0x08, 0x08, 0x0e, 0x0d, 0x00, 
	0x00, 0x00, 0x03, 0x0e, 0x08, 0x08, 0x05, 0x00, 
	0x00, 0x0c, 0x05, 0x04, 0x04, 0x05, 0x06, 0x00, 
	0x0b, 0x00, 0x00, 0x00, 0x00, 0x05, 0x0f, 0x01, 
	0x00, 0x00, 0x0a, 0x08, 0x08, 0x08, 0x10, 0x0f, 
	0x07, 0x09, 0x08, 0x08, 0x08, 0x08, 0x01, 0x00, 
	0x00, 0x03, 0x0e, 0x11, 0x06, 0x00, 0x00, 0x00, 
	0x0e, 0x09, 0x02, 0x00, 0x0a, 0x08, 0x07, 0x00, 
	0x00, 0x00, 0x00, 0x04, 0x08, 0x05, 0x00, 0x01, 
	0x0a, 0x0b, 0x0b, 0x05, 0x02, 0x0c, 0x09, 0x09, 
	0x0d, 0x0f, 0x05, 0x00, 0x00, 0x00, 0x00, 0x00, 
	0x00, 0x0c, 0x10, 0x10, 0x04, 0x08, 0x09, 0x00, 
	0x00, 0x00, 0x00, 0x05, 0x08, 0x04, 0x01, 0x00, 
	0x00, 0x00, 0x00, 0x00, 0x00, 0x00, 0x00, 0x10, 
	0x08, 0x05, 0x00, 0x00, 0x00, 0x00, 0x00, 0x00, 
	0x00, 0x00, 0x00, 0x02, 0x09, 0x07, 0x08, 0x02, 
	0x00, 0x00, 0x00, 0x00, 0x0f, 0x08, 0x0e, 0x06, 
	0x00, 0x00, 0x00, 0x00, 0x00, 0x00, 0x02, 0x08, 
	0x0e, 0x00, 0x00, 0x00, 0x00, 0x00, 0x00, 0x00, 
	0x00, 0x00, 0x00, 0x00, 0x0a, 0x06, 0x0e, 0x04, 
	0x02, 0x00, 0x00, 0x01, 0x04, 0x08, 0x08, 0x08, 
	0x04, 0x07, 0x06, 0x00, 0x00, 0x02, 0x04, 0x08, 
	0x02, 0x00, 0x00, 0x00, 0x00, 0x00, 0x00, 0x00, 
	0x00, 0x00, 0x00, 0x00, 0x02, 0x0d, 0x0d, 0x08, 
	0x04, 0x02, 0x0b, 0x08, 0x04, 0x04, 0x08, 0x0c, 
	0x0a, 0x04, 0x04, 0x09, 0x0e, 0x08, 0x10, 0x10, 
	0x00, 0x00, 0x00, 0x00, 0x00, 0x00, 0x00, 0x00, 
	
};

Gfx castle_grounds_dl_water_light_2_rgba16_pal_rgba16_aligner[] = {gsSPEndDisplayList()};
u8 castle_grounds_dl_water_light_2_rgba16_pal_rgba16[] = {
	0x76, 0x3f, 0x86, 0x3d, 0x8e, 0x7d, 0x86, 0x3f, 
	0xd6, 0xf7, 0xa6, 0x7b, 0x7e, 0x3f, 0xb6, 0xbb, 
	0xde, 0xf7, 0xbe, 0xb9, 0x9e, 0x7b, 0xae, 0xbb, 
	0x9e, 0x7d, 0x96, 0x7d, 0xc6, 0xb9, 0xd6, 0xf9, 
	0xce, 0xf9, 0xb6, 0xb9, 0xc6, 0xf9, 0xae, 0x7b, 
	
};

Vtx castle_grounds_dl_Cube_mesh_layer_1_vtx_cull[8] = {
	{{ {-298, 32, 658}, 0, {0, 0}, {0, 0, 0, 0} }},
	{{ {-298, 396, 658}, 0, {0, 0}, {0, 0, 0, 0} }},
	{{ {-298, 396, -706}, 0, {0, 0}, {0, 0, 0, 0} }},
	{{ {-298, 32, -706}, 0, {0, 0}, {0, 0, 0, 0} }},
	{{ {298, 32, 658}, 0, {0, 0}, {0, 0, 0, 0} }},
	{{ {298, 396, 658}, 0, {0, 0}, {0, 0, 0, 0} }},
	{{ {298, 396, -706}, 0, {0, 0}, {0, 0, 0, 0} }},
	{{ {298, 32, -706}, 0, {0, 0}, {0, 0, 0, 0} }},
};

Vtx castle_grounds_dl_Cube_mesh_layer_1_vtx_0[22] = {
	{{ {-140, 72, -50}, 0, {-16, 1008}, {0, 127, 0, 255} }},
	{{ {0, 72, 207}, 0, {-16, 1008}, {0, 127, 0, 255} }},
	{{ {140, 72, -50}, 0, {-16, 1008}, {0, 127, 0, 255} }},
	{{ {0, 72, -568}, 0, {752, 474}, {0, 127, 0, 255} }},
	{{ {-70, 72, -516}, 0, {822, 474}, {0, 127, 0, 255} }},
	{{ {70, 72, -516}, 0, {682, 474}, {0, 127, 0, 255} }},
	{{ {102, 72, -308}, 0, {368, 496}, {0, 127, 0, 255} }},
	{{ {140, 72, -250}, 0, {368, 496}, {0, 127, 0, 255} }},
	{{ {205, 72, -173}, 0, {652, 403}, {0, 127, 0, 255} }},
	{{ {140, 72, -50}, 0, {368, 240}, {0, 127, 0, 255} }},
	{{ {221, 72, 207}, 0, {652, 325}, {0, 127, 0, 255} }},
	{{ {0, 72, 207}, 0, {752, 325}, {0, 127, 0, 255} }},
	{{ {212, 72, 452}, 0, {652, 268}, {0, 127, 0, 255} }},
	{{ {0, 72, 452}, 0, {752, 268}, {0, 127, 0, 255} }},
	{{ {-212, 72, 452}, 0, {852, 268}, {0, 127, 0, 255} }},
	{{ {-221, 72, 207}, 0, {852, 325}, {0, 127, 0, 255} }},
	{{ {-70, 72, -516}, 0, {-16, 1008}, {0, 127, 0, 255} }},
	{{ {-102, 72, -308}, 0, {368, 752}, {0, 127, 0, 255} }},
	{{ {-140, 72, -250}, 0, {112, 496}, {0, 127, 0, 255} }},
	{{ {-205, 72, -173}, 0, {852, 403}, {0, 127, 0, 255} }},
	{{ {-140, 72, -250}, 0, {368, 752}, {0, 127, 0, 255} }},
	{{ {-140, 72, -50}, 0, {368, 1008}, {0, 127, 0, 255} }},
};

Gfx castle_grounds_dl_Cube_mesh_layer_1_tri_0[] = {
	gsSPVertex(castle_grounds_dl_Cube_mesh_layer_1_vtx_0 + 0, 22, 0),
	gsSP2Triangles(0, 1, 2, 0, 3, 4, 5, 0),
	gsSP2Triangles(4, 6, 5, 0, 6, 7, 5, 0),
	gsSP2Triangles(8, 5, 7, 0, 7, 9, 8, 0),
	gsSP2Triangles(8, 9, 10, 0, 10, 9, 11, 0),
	gsSP2Triangles(11, 12, 10, 0, 11, 13, 12, 0),
	gsSP2Triangles(11, 14, 13, 0, 11, 15, 14, 0),
	gsSP2Triangles(11, 0, 15, 0, 6, 16, 17, 0),
	gsSP2Triangles(17, 16, 18, 0, 16, 19, 18, 0),
	gsSP2Triangles(20, 19, 21, 0, 19, 15, 21, 0),
	gsSPEndDisplayList(),
};

Vtx castle_grounds_dl_Cube_mesh_layer_1_vtx_1[97] = {
	{{ {-271, 84, 642}, 0, {-5368, 427}, {134, 222, 3, 255} }},
	{{ {-251, 32, 207}, 0, {-1535, 848}, {148, 190, 255, 255} }},
	{{ {-241, 32, 642}, 0, {-5368, 890}, {146, 192, 2, 255} }},
	{{ {-283, 84, 207}, 0, {-1535, 386}, {134, 222, 255, 255} }},
	{{ {-271, 127, 642}, 0, {-5368, 54}, {129, 0, 3, 255} }},
	{{ {-283, 127, 207}, 0, {-1535, 12}, {129, 0, 254, 255} }},
	{{ {-263, 93, -207}, 0, {2115, 663}, {132, 228, 249, 255} }},
	{{ {-263, 145, -207}, 0, {2115, 202}, {129, 0, 250, 255} }},
	{{ {-233, 32, -207}, 0, {2115, 1199}, {143, 199, 250, 255} }},
	{{ {89, 32, -583}, 0, {5426, 2466}, {112, 219, 210, 255} }},
	{{ {263, 93, -207}, 0, {2115, 663}, {116, 231, 211, 255} }},
	{{ {233, 32, -207}, 0, {2115, 1199}, {108, 203, 215, 255} }},
	{{ {100, 118, -621}, 0, {5765, 1709}, {117, 241, 209, 255} }},
	{{ {263, 145, -207}, 0, {2115, 202}, {118, 0, 210, 255} }},
	{{ {100, 200, -621}, 0, {5765, 987}, {118, 0, 210, 255} }},
	{{ {251, 32, 207}, 0, {-1535, 848}, {108, 190, 255, 255} }},
	{{ {271, 84, 642}, 0, {-5368, 427}, {122, 222, 3, 255} }},
	{{ {241, 32, 642}, 0, {-5368, 890}, {110, 192, 2, 255} }},
	{{ {283, 84, 207}, 0, {-1535, 386}, {122, 222, 255, 255} }},
	{{ {233, 32, -207}, 0, {2115, 1199}, {113, 199, 250, 255} }},
	{{ {263, 93, -207}, 0, {2115, 663}, {124, 228, 249, 255} }},
	{{ {283, 127, 207}, 0, {-1535, 12}, {127, 0, 254, 255} }},
	{{ {263, 145, -207}, 0, {2115, 202}, {127, 0, 250, 255} }},
	{{ {271, 127, 642}, 0, {-5368, 54}, {127, 0, 3, 255} }},
	{{ {0, 118, -689}, 0, {6360, 1920}, {71, 234, 153, 255} }},
	{{ {89, 32, -583}, 0, {5426, 2466}, {68, 208, 160, 255} }},
	{{ {0, 32, -650}, 0, {6022, 2678}, {72, 213, 161, 255} }},
	{{ {100, 118, -621}, 0, {5765, 1709}, {69, 229, 153, 255} }},
	{{ {100, 200, -621}, 0, {5765, 987}, {71, 0, 151, 255} }},
	{{ {0, 208, -689}, 0, {6360, 1128}, {71, 0, 151, 255} }},
	{{ {-263, 93, -207}, 0, {2115, 663}, {140, 231, 211, 255} }},
	{{ {-89, 32, -583}, 0, {5426, 2466}, {144, 219, 210, 255} }},
	{{ {-233, 32, -207}, 0, {2115, 1199}, {148, 203, 215, 255} }},
	{{ {-100, 118, -621}, 0, {5765, 1709}, {139, 241, 209, 255} }},
	{{ {-263, 145, -207}, 0, {2115, 202}, {138, 0, 210, 255} }},
	{{ {-100, 200, -621}, 0, {5765, 987}, {138, 0, 210, 255} }},
	{{ {-89, 32, -583}, 0, {5426, 2466}, {188, 208, 160, 255} }},
	{{ {0, 118, -689}, 0, {6360, 1920}, {185, 234, 153, 255} }},
	{{ {0, 32, -650}, 0, {6022, 2678}, {184, 213, 161, 255} }},
	{{ {-100, 118, -621}, 0, {5765, 1709}, {187, 229, 153, 255} }},
	{{ {-100, 200, -621}, 0, {5765, 987}, {185, 0, 151, 255} }},
	{{ {0, 208, -689}, 0, {6360, 1128}, {185, 0, 151, 255} }},
	{{ {-158, 384, -254}, 0, {237, 156}, {0, 127, 7, 255} }},
	{{ {-158, 375, -27}, 0, {237, 354}, {0, 127, 5, 255} }},
	{{ {158, 375, -27}, 0, {749, 354}, {0, 127, 5, 255} }},
	{{ {158, 384, -254}, 0, {749, 156}, {0, 127, 7, 255} }},
	{{ {-115, 396, -407}, 0, {307, 23}, {0, 127, 10, 255} }},
	{{ {115, 396, -407}, 0, {679, 23}, {0, 127, 10, 255} }},
	{{ {158, 356, -254}, 0, {539, 239}, {127, 0, 0, 255} }},
	{{ {158, 375, -27}, 0, {164, 149}, {127, 0, 0, 255} }},
	{{ {158, 356, -27}, 0, {164, 239}, {127, 0, 0, 255} }},
	{{ {158, 384, -254}, 0, {539, 108}, {127, 0, 0, 255} }},
	{{ {-115, 356, -407}, 0, {791, 239}, {134, 0, 221, 255} }},
	{{ {-158, 384, -254}, 0, {539, 108}, {134, 0, 221, 255} }},
	{{ {-115, 396, -407}, 0, {791, 50}, {134, 0, 221, 255} }},
	{{ {-158, 356, -254}, 0, {539, 239}, {134, 0, 221, 255} }},
	{{ {115, 356, -407}, 0, {791, 239}, {122, 0, 221, 255} }},
	{{ {158, 384, -254}, 0, {539, 108}, {122, 0, 221, 255} }},
	{{ {158, 356, -254}, 0, {539, 239}, {122, 0, 221, 255} }},
	{{ {115, 396, -407}, 0, {791, 50}, {122, 0, 221, 255} }},
	{{ {-158, 356, -254}, 0, {539, 239}, {129, 0, 0, 255} }},
	{{ {-158, 375, -27}, 0, {164, 149}, {129, 0, 0, 255} }},
	{{ {-158, 384, -254}, 0, {539, 108}, {129, 0, 0, 255} }},
	{{ {-158, 356, -27}, 0, {164, 239}, {129, 0, 0, 255} }},
	{{ {158, 356, -27}, 0, {1091, 239}, {0, 0, 127, 255} }},
	{{ {-158, 375, -27}, 0, {-105, 149}, {0, 0, 127, 255} }},
	{{ {-158, 356, -27}, 0, {-105, 239}, {0, 0, 127, 255} }},
	{{ {158, 375, -27}, 0, {1091, 149}, {0, 0, 127, 255} }},
	{{ {-115, 356, -407}, 0, {58, 239}, {0, 0, 129, 255} }},
	{{ {115, 396, -407}, 0, {928, 50}, {0, 0, 129, 255} }},
	{{ {115, 356, -407}, 0, {928, 239}, {0, 0, 129, 255} }},
	{{ {-115, 396, -407}, 0, {58, 50}, {0, 0, 129, 255} }},
	{{ {0, 127, 642}, 0, {-6621, 54}, {0, 0, 127, 255} }},
	{{ {-271, 127, 642}, 0, {-7831, 54}, {0, 0, 127, 255} }},
	{{ {-271, 84, 642}, 0, {-7831, 427}, {0, 0, 127, 255} }},
	{{ {0, 84, 642}, 0, {-6621, 427}, {0, 0, 127, 255} }},
	{{ {-241, 32, 642}, 0, {-7694, 890}, {0, 0, 127, 255} }},
	{{ {0, 32, 642}, 0, {-6621, 890}, {0, 0, 127, 255} }},
	{{ {241, 32, 642}, 0, {-5547, 890}, {0, 0, 127, 255} }},
	{{ {271, 84, 642}, 0, {-5410, 427}, {0, 0, 127, 255} }},
	{{ {271, 127, 642}, 0, {-5410, 54}, {0, 0, 127, 255} }},
	{{ {140, 357, -50}, 0, {1021, 334}, {252, 129, 253, 255} }},
	{{ {-158, 356, -27}, 0, {-105, 354}, {3, 129, 252, 255} }},
	{{ {-140, 357, -50}, 0, {-34, 334}, {4, 129, 253, 255} }},
	{{ {158, 356, -27}, 0, {1091, 354}, {253, 129, 252, 255} }},
	{{ {158, 356, -254}, 0, {1091, 156}, {249, 129, 1, 255} }},
	{{ {140, 357, -250}, 0, {1021, 160}, {249, 129, 1, 255} }},
	{{ {102, 357, -352}, 0, {877, 71}, {253, 129, 2, 255} }},
	{{ {115, 356, -407}, 0, {928, 23}, {255, 129, 2, 255} }},
	{{ {-102, 357, -352}, 0, {110, 71}, {3, 129, 2, 255} }},
	{{ {-115, 356, -407}, 0, {58, 23}, {1, 129, 2, 255} }},
	{{ {-158, 356, -254}, 0, {-105, 156}, {7, 129, 1, 255} }},
	{{ {-102, 357, -352}, 0, {110, 71}, {3, 129, 2, 255} }},
	{{ {-140, 357, -250}, 0, {-34, 160}, {7, 129, 1, 255} }},
	{{ {-158, 356, -254}, 0, {-105, 156}, {7, 129, 1, 255} }},
	{{ {-140, 357, -50}, 0, {-34, 334}, {4, 129, 253, 255} }},
	{{ {-158, 356, -27}, 0, {-105, 354}, {3, 129, 252, 255} }},
};

Gfx castle_grounds_dl_Cube_mesh_layer_1_tri_1[] = {
	gsSPVertex(castle_grounds_dl_Cube_mesh_layer_1_vtx_1 + 0, 30, 0),
	gsSP2Triangles(0, 1, 2, 0, 0, 3, 1, 0),
	gsSP2Triangles(4, 3, 0, 0, 4, 5, 3, 0),
	gsSP2Triangles(5, 6, 3, 0, 5, 7, 6, 0),
	gsSP2Triangles(3, 6, 8, 0, 3, 8, 1, 0),
	gsSP2Triangles(9, 10, 11, 0, 9, 12, 10, 0),
	gsSP2Triangles(12, 13, 10, 0, 12, 14, 13, 0),
	gsSP2Triangles(15, 16, 17, 0, 15, 18, 16, 0),
	gsSP2Triangles(19, 18, 15, 0, 19, 20, 18, 0),
	gsSP2Triangles(20, 21, 18, 0, 20, 22, 21, 0),
	gsSP2Triangles(21, 16, 18, 0, 21, 23, 16, 0),
	gsSP2Triangles(24, 25, 26, 0, 24, 27, 25, 0),
	gsSP2Triangles(24, 28, 27, 0, 24, 29, 28, 0),
	gsSPVertex(castle_grounds_dl_Cube_mesh_layer_1_vtx_1 + 30, 30, 0),
	gsSP2Triangles(0, 1, 2, 0, 0, 3, 1, 0),
	gsSP2Triangles(4, 3, 0, 0, 4, 5, 3, 0),
	gsSP2Triangles(6, 7, 8, 0, 6, 9, 7, 0),
	gsSP2Triangles(10, 7, 9, 0, 10, 11, 7, 0),
	gsSP2Triangles(12, 13, 14, 0, 15, 12, 14, 0),
	gsSP2Triangles(15, 16, 12, 0, 15, 17, 16, 0),
	gsSP2Triangles(18, 19, 20, 0, 18, 21, 19, 0),
	gsSP2Triangles(22, 23, 24, 0, 22, 25, 23, 0),
	gsSP2Triangles(26, 27, 28, 0, 26, 29, 27, 0),
	gsSPVertex(castle_grounds_dl_Cube_mesh_layer_1_vtx_1 + 60, 32, 0),
	gsSP2Triangles(0, 1, 2, 0, 0, 3, 1, 0),
	gsSP2Triangles(4, 5, 6, 0, 4, 7, 5, 0),
	gsSP2Triangles(8, 9, 10, 0, 8, 11, 9, 0),
	gsSP2Triangles(12, 13, 14, 0, 12, 14, 15, 0),
	gsSP2Triangles(15, 14, 16, 0, 15, 16, 17, 0),
	gsSP2Triangles(18, 15, 17, 0, 18, 19, 15, 0),
	gsSP2Triangles(20, 15, 19, 0, 20, 12, 15, 0),
	gsSP2Triangles(21, 22, 23, 0, 21, 24, 22, 0),
	gsSP2Triangles(21, 25, 24, 0, 21, 26, 25, 0),
	gsSP2Triangles(27, 25, 26, 0, 27, 28, 25, 0),
	gsSP2Triangles(29, 28, 27, 0, 29, 30, 28, 0),
	gsSP1Triangle(29, 31, 30, 0),
	gsSPVertex(castle_grounds_dl_Cube_mesh_layer_1_vtx_1 + 92, 5, 0),
	gsSP2Triangles(0, 1, 2, 0, 3, 2, 1, 0),
	gsSP1Triangle(3, 4, 2, 0),
	gsSPEndDisplayList(),
};

Vtx castle_grounds_dl_Cube_mesh_layer_1_vtx_2[128] = {
	{{ {221, 141, 207}, 0, {886, 370}, {129, 0, 0, 255} }},
	{{ {212, 72, 452}, 0, {0, 738}, {129, 0, 251, 255} }},
	{{ {212, 141, 452}, 0, {0, 370}, {129, 0, 251, 255} }},
	{{ {221, 72, 207}, 0, {886, 738}, {129, 0, 0, 255} }},
	{{ {205, 72, -173}, 0, {1527, 738}, {129, 0, 5, 255} }},
	{{ {205, 157, -173}, 0, {1527, 283}, {129, 0, 5, 255} }},
	{{ {205, 157, -173}, 0, {1527, 283}, {138, 0, 46, 255} }},
	{{ {70, 72, -516}, 0, {2253, 738}, {138, 0, 46, 255} }},
	{{ {205, 72, -173}, 0, {1527, 738}, {138, 0, 46, 255} }},
	{{ {70, 211, -516}, 0, {2253, -3}, {138, 0, 46, 255} }},
	{{ {-205, 157, -173}, 0, {1527, 283}, {118, 0, 46, 255} }},
	{{ {-70, 72, -516}, 0, {2253, 738}, {118, 0, 46, 255} }},
	{{ {-70, 211, -516}, 0, {2253, -3}, {118, 0, 46, 255} }},
	{{ {-205, 72, -173}, 0, {1527, 738}, {118, 0, 46, 255} }},
	{{ {-221, 141, 207}, 0, {886, 370}, {127, 0, 0, 255} }},
	{{ {-205, 72, -173}, 0, {1527, 738}, {127, 0, 5, 255} }},
	{{ {-205, 157, -173}, 0, {1527, 283}, {127, 0, 5, 255} }},
	{{ {-221, 72, 207}, 0, {886, 738}, {127, 0, 0, 255} }},
	{{ {-212, 141, 452}, 0, {0, 370}, {127, 0, 251, 255} }},
	{{ {-212, 72, 452}, 0, {0, 738}, {127, 0, 251, 255} }},
	{{ {-70, 211, -516}, 0, {2253, -3}, {75, 0, 102, 255} }},
	{{ {0, 72, -568}, 0, {2706, 738}, {75, 0, 102, 255} }},
	{{ {0, 211, -568}, 0, {2706, -3}, {75, 0, 102, 255} }},
	{{ {-70, 72, -516}, 0, {2253, 738}, {75, 0, 102, 255} }},
	{{ {0, 211, -568}, 0, {2253, -3}, {181, 0, 102, 255} }},
	{{ {70, 72, -516}, 0, {2706, 738}, {181, 0, 102, 255} }},
	{{ {70, 211, -516}, 0, {2706, -3}, {181, 0, 102, 255} }},
	{{ {0, 72, -568}, 0, {2253, 738}, {181, 0, 102, 255} }},
	{{ {-277, 162, -212}, 0, {2934, 213}, {138, 0, 208, 255} }},
	{{ {-106, 200, -637}, 0, {4115, 265}, {138, 0, 208, 255} }},
	{{ {-277, 145, -212}, 0, {2934, 470}, {138, 0, 208, 255} }},
	{{ {-106, 227, -637}, 0, {4115, -139}, {138, 0, 208, 255} }},
	{{ {0, 208, -706}, 0, {4790, 147}, {69, 0, 150, 255} }},
	{{ {106, 227, -637}, 0, {5464, -139}, {69, 0, 150, 255} }},
	{{ {106, 200, -637}, 0, {5464, 265}, {69, 0, 150, 255} }},
	{{ {0, 238, -706}, 0, {4790, -297}, {69, 0, 150, 255} }},
	{{ {106, 200, -637}, 0, {4115, 265}, {118, 0, 208, 255} }},
	{{ {277, 162, -212}, 0, {2934, 213}, {118, 0, 208, 255} }},
	{{ {277, 145, -212}, 0, {2934, 470}, {118, 0, 208, 255} }},
	{{ {106, 227, -637}, 0, {4115, -139}, {118, 0, 208, 255} }},
	{{ {-287, 141, 658}, 0, {512, 411}, {129, 0, 3, 255} }},
	{{ {-298, 127, 212}, 0, {1753, 620}, {129, 0, 255, 255} }},
	{{ {-287, 127, 658}, 0, {512, 620}, {129, 0, 3, 255} }},
	{{ {-298, 141, 212}, 0, {1753, 411}, {129, 0, 254, 255} }},
	{{ {-277, 145, -212}, 0, {2934, 470}, {129, 0, 250, 255} }},
	{{ {-277, 162, -212}, 0, {2934, 213}, {129, 0, 250, 255} }},
	{{ {287, 141, 658}, 0, {512, 411}, {0, 0, 127, 255} }},
	{{ {0, 127, 658}, 0, {-1313, 620}, {0, 0, 127, 255} }},
	{{ {287, 127, 658}, 0, {512, 620}, {0, 0, 127, 255} }},
	{{ {0, 141, 658}, 0, {-1313, 411}, {0, 0, 127, 255} }},
	{{ {-287, 127, 658}, 0, {-3138, 620}, {0, 0, 127, 255} }},
	{{ {-287, 141, 658}, 0, {-3138, 411}, {0, 0, 127, 255} }},
	{{ {-106, 227, -637}, 0, {4115, -139}, {187, 0, 150, 255} }},
	{{ {0, 208, -706}, 0, {4790, 147}, {187, 0, 150, 255} }},
	{{ {-106, 200, -637}, 0, {4115, 265}, {187, 0, 150, 255} }},
	{{ {0, 238, -706}, 0, {4790, -297}, {187, 0, 150, 255} }},
	{{ {212, 141, 452}, 0, {0, 370}, {0, 0, 129, 255} }},
	{{ {212, 72, 452}, 0, {0, 738}, {0, 0, 129, 255} }},
	{{ {0, 72, 452}, 0, {-487, 738}, {0, 0, 129, 255} }},
	{{ {-212, 141, 452}, 0, {-974, 370}, {0, 0, 129, 255} }},
	{{ {-212, 72, 452}, 0, {-974, 738}, {0, 0, 129, 255} }},
	{{ {140, 72, -250}, 0, {1624, -309}, {0, 127, 0, 255} }},
	{{ {-140, 72, -50}, 0, {-632, 397}, {0, 127, 0, 255} }},
	{{ {140, 72, -50}, 0, {1624, 397}, {0, 127, 0, 255} }},
	{{ {140, 72, -250}, 0, {1624, -309}, {0, 127, 0, 255} }},
	{{ {-140, 72, -250}, 0, {-632, -309}, {0, 127, 0, 255} }},
	{{ {-140, 72, -50}, 0, {-632, 397}, {0, 127, 0, 255} }},
	{{ {102, 72, -308}, 0, {1316, -515}, {0, 127, 0, 255} }},
	{{ {-102, 72, -308}, 0, {-324, -515}, {0, 127, 0, 255} }},
	{{ {298, 141, 212}, 0, {1753, 411}, {127, 0, 254, 255} }},
	{{ {287, 141, 658}, 0, {512, 411}, {127, 0, 3, 255} }},
	{{ {287, 127, 658}, 0, {512, 620}, {127, 0, 3, 255} }},
	{{ {298, 127, 212}, 0, {1753, 620}, {127, 0, 255, 255} }},
	{{ {277, 145, -212}, 0, {2934, 470}, {127, 0, 250, 255} }},
	{{ {277, 162, -212}, 0, {2934, 213}, {127, 0, 250, 255} }},
	{{ {140, 72, -250}, 0, {1624, -309}, {0, 0, 127, 255} }},
	{{ {140, 125, -250}, 0, {1624, -309}, {0, 0, 127, 255} }},
	{{ {-140, 125, -250}, 0, {-632, -309}, {0, 0, 127, 255} }},
	{{ {-140, 72, -250}, 0, {-632, -309}, {0, 0, 127, 255} }},
	{{ {-140, 125, -250}, 0, {-632, -309}, {0, 127, 0, 255} }},
	{{ {140, 125, -250}, 0, {1624, -309}, {0, 127, 0, 255} }},
	{{ {109, 125, -297}, 0, {1624, -309}, {0, 127, 0, 255} }},
	{{ {-109, 125, -297}, 0, {-632, -309}, {0, 127, 0, 255} }},
	{{ {102, 125, -316}, 0, {1624, -309}, {0, 127, 0, 255} }},
	{{ {-102, 125, -316}, 0, {-632, -309}, {0, 127, 0, 255} }},
	{{ {100, 200, -621}, 0, {327, -842}, {239, 130, 250, 255} }},
	{{ {0, 208, -706}, 0, {487, -978}, {0, 129, 0, 255} }},
	{{ {106, 200, -637}, 0, {318, -867}, {244, 130, 252, 255} }},
	{{ {0, 208, -689}, 0, {487, -950}, {0, 129, 0, 255} }},
	{{ {-100, 200, -621}, 0, {648, -842}, {17, 130, 250, 255} }},
	{{ {-106, 200, -637}, 0, {657, -867}, {12, 130, 252, 255} }},
	{{ {-263, 145, -207}, 0, {907, -180}, {3, 129, 246, 255} }},
	{{ {-277, 145, -212}, 0, {931, -188}, {4, 129, 246, 255} }},
	{{ {-283, 127, 207}, 0, {939, 483}, {255, 129, 253, 255} }},
	{{ {-298, 127, 212}, 0, {965, 491}, {255, 129, 254, 255} }},
	{{ {-271, 127, 642}, 0, {922, 1179}, {0, 129, 0, 255} }},
	{{ {-271, 127, 642}, 0, {922, 1179}, {0, 129, 0, 255} }},
	{{ {-287, 127, 658}, 0, {946, 1205}, {0, 129, 0, 255} }},
	{{ {-298, 127, 212}, 0, {965, 491}, {255, 129, 254, 255} }},
	{{ {0, 127, 658}, 0, {487, 1205}, {0, 129, 0, 255} }},
	{{ {0, 127, 642}, 0, {487, 1179}, {0, 129, 0, 255} }},
	{{ {271, 127, 642}, 0, {53, 1179}, {0, 129, 0, 255} }},
	{{ {287, 127, 658}, 0, {28, 1205}, {0, 129, 0, 255} }},
	{{ {298, 127, 212}, 0, {10, 491}, {1, 129, 254, 255} }},
	{{ {283, 127, 207}, 0, {35, 483}, {1, 129, 253, 255} }},
	{{ {277, 145, -212}, 0, {44, -188}, {252, 129, 246, 255} }},
	{{ {263, 145, -207}, 0, {67, -180}, {253, 129, 246, 255} }},
	{{ {106, 200, -637}, 0, {318, -867}, {244, 130, 252, 255} }},
	{{ {100, 200, -621}, 0, {327, -842}, {239, 130, 250, 255} }},
	{{ {0, 141, 658}, 0, {-1300, 454}, {0, 127, 0, 255} }},
	{{ {-212, 141, 452}, 0, {-767, -95}, {0, 127, 0, 255} }},
	{{ {-287, 141, 658}, 0, {-1300, -288}, {0, 127, 0, 255} }},
	{{ {212, 141, 452}, 0, {-767, 1002}, {0, 127, 0, 255} }},
	{{ {287, 141, 658}, 0, {-1300, 1195}, {0, 127, 0, 255} }},
	{{ {298, 141, 212}, 0, {-147, 1226}, {0, 127, 3, 255} }},
	{{ {221, 141, 207}, 0, {-133, 1025}, {255, 127, 3, 255} }},
	{{ {277, 162, -212}, 0, {952, 1171}, {254, 126, 14, 255} }},
	{{ {205, 157, -173}, 0, {850, 984}, {253, 126, 11, 255} }},
	{{ {106, 227, -637}, 0, {2050, 728}, {252, 125, 20, 255} }},
	{{ {70, 211, -516}, 0, {1739, 635}, {255, 126, 17, 255} }},
	{{ {0, 211, -568}, 0, {1872, 454}, {0, 126, 19, 255} }},
	{{ {0, 238, -706}, 0, {2229, 454}, {0, 125, 24, 255} }},
	{{ {-106, 227, -637}, 0, {2050, 179}, {4, 125, 20, 255} }},
	{{ {-70, 211, -516}, 0, {1739, 272}, {1, 126, 17, 255} }},
	{{ {-205, 157, -173}, 0, {850, -77}, {3, 126, 11, 255} }},
	{{ {-277, 162, -212}, 0, {952, -264}, {2, 126, 14, 255} }},
	{{ {-221, 141, 207}, 0, {-133, -117}, {1, 127, 3, 255} }},
	{{ {-298, 141, 212}, 0, {-147, -319}, {0, 127, 3, 255} }},
};

Gfx castle_grounds_dl_Cube_mesh_layer_1_tri_2[] = {
	gsSPVertex(castle_grounds_dl_Cube_mesh_layer_1_vtx_2 + 0, 32, 0),
	gsSP2Triangles(0, 1, 2, 0, 0, 3, 1, 0),
	gsSP2Triangles(0, 4, 3, 0, 0, 5, 4, 0),
	gsSP2Triangles(6, 7, 8, 0, 6, 9, 7, 0),
	gsSP2Triangles(10, 11, 12, 0, 10, 13, 11, 0),
	gsSP2Triangles(14, 15, 16, 0, 14, 17, 15, 0),
	gsSP2Triangles(18, 17, 14, 0, 18, 19, 17, 0),
	gsSP2Triangles(20, 21, 22, 0, 20, 23, 21, 0),
	gsSP2Triangles(24, 25, 26, 0, 24, 27, 25, 0),
	gsSP2Triangles(28, 29, 30, 0, 28, 31, 29, 0),
	gsSPVertex(castle_grounds_dl_Cube_mesh_layer_1_vtx_2 + 32, 32, 0),
	gsSP2Triangles(0, 1, 2, 0, 0, 3, 1, 0),
	gsSP2Triangles(4, 5, 6, 0, 4, 7, 5, 0),
	gsSP2Triangles(8, 9, 10, 0, 8, 11, 9, 0),
	gsSP2Triangles(11, 12, 9, 0, 11, 13, 12, 0),
	gsSP2Triangles(14, 15, 16, 0, 14, 17, 15, 0),
	gsSP2Triangles(17, 18, 15, 0, 17, 19, 18, 0),
	gsSP2Triangles(20, 21, 22, 0, 20, 23, 21, 0),
	gsSP2Triangles(24, 25, 26, 0, 24, 26, 27, 0),
	gsSP2Triangles(28, 27, 26, 0, 29, 30, 31, 0),
	gsSPVertex(castle_grounds_dl_Cube_mesh_layer_1_vtx_2 + 64, 32, 0),
	gsSP2Triangles(0, 1, 2, 0, 1, 0, 3, 0),
	gsSP2Triangles(1, 3, 4, 0, 5, 6, 7, 0),
	gsSP2Triangles(5, 7, 8, 0, 9, 5, 8, 0),
	gsSP2Triangles(9, 10, 5, 0, 11, 12, 13, 0),
	gsSP2Triangles(11, 13, 14, 0, 15, 16, 17, 0),
	gsSP2Triangles(15, 17, 18, 0, 18, 17, 19, 0),
	gsSP2Triangles(18, 19, 20, 0, 21, 22, 23, 0),
	gsSP2Triangles(21, 24, 22, 0, 25, 22, 24, 0),
	gsSP2Triangles(25, 26, 22, 0, 27, 26, 25, 0),
	gsSP2Triangles(27, 28, 26, 0, 29, 28, 27, 0),
	gsSP2Triangles(29, 30, 28, 0, 31, 30, 29, 0),
	gsSPVertex(castle_grounds_dl_Cube_mesh_layer_1_vtx_2 + 96, 32, 0),
	gsSP2Triangles(0, 1, 2, 0, 0, 3, 1, 0),
	gsSP2Triangles(0, 4, 3, 0, 5, 3, 4, 0),
	gsSP2Triangles(5, 6, 3, 0, 5, 7, 6, 0),
	gsSP2Triangles(5, 8, 7, 0, 8, 9, 7, 0),
	gsSP2Triangles(8, 10, 9, 0, 10, 11, 9, 0),
	gsSP2Triangles(10, 12, 11, 0, 13, 14, 15, 0),
	gsSP2Triangles(13, 16, 14, 0, 16, 13, 17, 0),
	gsSP2Triangles(17, 18, 16, 0, 16, 18, 19, 0),
	gsSP2Triangles(20, 19, 18, 0, 21, 19, 20, 0),
	gsSP2Triangles(22, 21, 20, 0, 23, 21, 22, 0),
	gsSP2Triangles(23, 22, 24, 0, 22, 25, 24, 0),
	gsSP2Triangles(26, 24, 25, 0, 27, 24, 26, 0),
	gsSP2Triangles(28, 27, 26, 0, 29, 28, 26, 0),
	gsSP2Triangles(30, 28, 29, 0, 31, 30, 29, 0),
	gsSP2Triangles(14, 30, 31, 0, 31, 15, 14, 0),
	gsSPEndDisplayList(),
};

Vtx castle_grounds_dl_Cube_mesh_layer_4_vtx_cull[8] = {
	{{ {-298, 32, 658}, 0, {0, 0}, {0, 0, 0, 0} }},
	{{ {-298, 396, 658}, 0, {0, 0}, {0, 0, 0, 0} }},
	{{ {-298, 396, -706}, 0, {0, 0}, {0, 0, 0, 0} }},
	{{ {-298, 32, -706}, 0, {0, 0}, {0, 0, 0, 0} }},
	{{ {298, 32, 658}, 0, {0, 0}, {0, 0, 0, 0} }},
	{{ {298, 396, 658}, 0, {0, 0}, {0, 0, 0, 0} }},
	{{ {298, 396, -706}, 0, {0, 0}, {0, 0, 0, 0} }},
	{{ {298, 32, -706}, 0, {0, 0}, {0, 0, 0, 0} }},
};

Vtx castle_grounds_dl_Cube_mesh_layer_4_vtx_0[20] = {
	{{ {-140, 357, -50}, 0, {1008, -16}, {129, 0, 0, 255} }},
	{{ {-140, 72, -250}, 0, {-16, 1008}, {129, 0, 0, 255} }},
	{{ {-140, 72, -50}, 0, {1008, 1008}, {129, 0, 0, 255} }},
	{{ {-140, 357, -250}, 0, {-16, -16}, {129, 0, 0, 255} }},
	{{ {140, 357, -250}, 0, {1008, -16}, {117, 250, 208, 255} }},
	{{ {102, 72, -308}, 0, {-16, 1008}, {110, 254, 192, 255} }},
	{{ {102, 357, -352}, 0, {-16, -16}, {119, 249, 212, 255} }},
	{{ {140, 72, -250}, 0, {1008, 1008}, {106, 0, 187, 255} }},
	{{ {140, 357, -250}, 0, {1008, -16}, {127, 0, 0, 255} }},
	{{ {140, 72, -50}, 0, {-16, 1008}, {127, 0, 0, 255} }},
	{{ {140, 72, -250}, 0, {1008, 1008}, {127, 0, 0, 255} }},
	{{ {140, 357, -50}, 0, {-16, -16}, {127, 0, 0, 255} }},
	{{ {-102, 357, -352}, 0, {1008, -16}, {0, 237, 130, 255} }},
	{{ {102, 72, -308}, 0, {-16, 1008}, {0, 237, 130, 255} }},
	{{ {-102, 72, -308}, 0, {1008, 1008}, {0, 237, 130, 255} }},
	{{ {102, 357, -352}, 0, {-16, -16}, {0, 237, 130, 255} }},
	{{ {-140, 357, -250}, 0, {1008, -16}, {139, 250, 208, 255} }},
	{{ {-102, 72, -308}, 0, {-16, 1008}, {146, 254, 192, 255} }},
	{{ {-140, 72, -250}, 0, {1008, 1008}, {150, 0, 187, 255} }},
	{{ {-102, 357, -352}, 0, {-16, -16}, {137, 249, 212, 255} }},
};

Gfx castle_grounds_dl_Cube_mesh_layer_4_tri_0[] = {
	gsSPVertex(castle_grounds_dl_Cube_mesh_layer_4_vtx_0 + 0, 20, 0),
	gsSP2Triangles(0, 1, 2, 0, 0, 3, 1, 0),
	gsSP2Triangles(4, 5, 6, 0, 4, 7, 5, 0),
	gsSP2Triangles(8, 9, 10, 0, 8, 11, 9, 0),
	gsSP2Triangles(12, 13, 14, 0, 12, 15, 13, 0),
	gsSP2Triangles(16, 17, 18, 0, 16, 19, 17, 0),
	gsSPEndDisplayList(),
};

Vtx castle_grounds_dl_Cube_mesh_layer_4_vtx_1[4] = {
	{{ {140, 357, -50}, 0, {1008, -16}, {0, 0, 127, 255} }},
	{{ {-140, 72, -50}, 0, {-16, 1008}, {0, 0, 127, 255} }},
	{{ {140, 72, -50}, 0, {1008, 1008}, {0, 0, 127, 255} }},
	{{ {-140, 357, -50}, 0, {-16, -16}, {0, 0, 127, 255} }},
};

Gfx castle_grounds_dl_Cube_mesh_layer_4_tri_1[] = {
	gsSPVertex(castle_grounds_dl_Cube_mesh_layer_4_vtx_1 + 0, 4, 0),
	gsSP2Triangles(0, 1, 2, 0, 0, 3, 1, 0),
	gsSPEndDisplayList(),
};

Vtx castle_grounds_dl_Cube_001_mesh_layer_1_vtx_cull[8] = {
	{{ {-16, -32, 2}, 0, {0, 0}, {0, 0, 0, 0} }},
	{{ {-16, 32, 2}, 0, {0, 0}, {0, 0, 0, 0} }},
	{{ {-16, 32, -2}, 0, {0, 0}, {0, 0, 0, 0} }},
	{{ {-16, -32, -2}, 0, {0, 0}, {0, 0, 0, 0} }},
	{{ {16, -32, 2}, 0, {0, 0}, {0, 0, 0, 0} }},
	{{ {16, 32, 2}, 0, {0, 0}, {0, 0, 0, 0} }},
	{{ {16, 32, -2}, 0, {0, 0}, {0, 0, 0, 0} }},
	{{ {16, -32, -2}, 0, {0, 0}, {0, 0, 0, 0} }},
};

Vtx castle_grounds_dl_Cube_001_mesh_layer_1_vtx_0[44] = {
	{{ {-16, -32, 2}, 0, {368, 1008}, {129, 0, 0, 255} }},
	{{ {-16, 32, 2}, 0, {624, 1008}, {129, 0, 0, 255} }},
	{{ {-16, 32, -2}, 0, {624, 752}, {129, 0, 0, 255} }},
	{{ {-16, -32, -2}, 0, {368, 752}, {129, 0, 0, 255} }},
	{{ {-16, -32, -2}, 0, {368, 752}, {0, 0, 129, 255} }},
	{{ {-16, 32, -2}, 0, {624, 752}, {0, 0, 129, 255} }},
	{{ {16, 32, -2}, 0, {624, 496}, {0, 0, 129, 255} }},
	{{ {16, -32, -2}, 0, {368, 496}, {0, 0, 129, 255} }},
	{{ {16, -32, -2}, 0, {368, 496}, {127, 0, 0, 255} }},
	{{ {16, 32, -2}, 0, {624, 496}, {127, 0, 0, 255} }},
	{{ {16, 32, 2}, 0, {624, 240}, {127, 0, 0, 255} }},
	{{ {16, -32, 2}, 0, {368, 240}, {127, 0, 0, 255} }},
	{{ {-14, 29, 2}, 0, {612, -4}, {127, 0, 0, 255} }},
	{{ {-14, -29, 2}, 0, {380, -4}, {127, 0, 0, 255} }},
	{{ {-14, -29, 0}, 0, {380, -4}, {127, 0, 0, 255} }},
	{{ {-14, 29, 0}, 0, {612, -4}, {127, 0, 0, 255} }},
	{{ {-16, -32, -2}, 0, {112, 496}, {0, 129, 0, 255} }},
	{{ {16, -32, -2}, 0, {368, 496}, {0, 129, 0, 255} }},
	{{ {16, -32, 2}, 0, {368, 240}, {0, 129, 0, 255} }},
	{{ {-16, -32, 2}, 0, {112, 240}, {0, 129, 0, 255} }},
	{{ {16, 32, -2}, 0, {624, 496}, {0, 127, 0, 255} }},
	{{ {-16, 32, -2}, 0, {880, 496}, {0, 127, 0, 255} }},
	{{ {-16, 32, 2}, 0, {880, 240}, {0, 127, 0, 255} }},
	{{ {16, 32, 2}, 0, {624, 240}, {0, 127, 0, 255} }},
	{{ {14, 29, 2}, 0, {612, 228}, {0, 129, 0, 255} }},
	{{ {-14, 29, 2}, 0, {612, -4}, {0, 129, 0, 255} }},
	{{ {-14, 29, 0}, 0, {612, -4}, {0, 129, 0, 255} }},
	{{ {14, 29, 0}, 0, {612, 228}, {0, 129, 0, 255} }},
	{{ {14, -29, 2}, 0, {380, 228}, {129, 0, 0, 255} }},
	{{ {14, 29, 2}, 0, {612, 228}, {129, 0, 0, 255} }},
	{{ {14, 29, 0}, 0, {612, 228}, {129, 0, 0, 255} }},
	{{ {14, -29, 0}, 0, {380, 228}, {129, 0, 0, 255} }},
	{{ {-14, -29, 2}, 0, {380, -4}, {0, 127, 0, 255} }},
	{{ {14, -29, 2}, 0, {380, 228}, {0, 127, 0, 255} }},
	{{ {14, -29, 0}, 0, {380, 228}, {0, 127, 0, 255} }},
	{{ {-14, -29, 0}, 0, {380, -4}, {0, 127, 0, 255} }},
	{{ {-14, -29, 2}, 0, {380, -4}, {0, 0, 127, 255} }},
	{{ {-14, 29, 2}, 0, {612, -4}, {0, 0, 127, 255} }},
	{{ {-16, 32, 2}, 0, {624, -16}, {0, 0, 127, 255} }},
	{{ {16, 32, 2}, 0, {624, 240}, {0, 0, 127, 255} }},
	{{ {14, 29, 2}, 0, {612, 228}, {0, 0, 127, 255} }},
	{{ {16, -32, 2}, 0, {368, 240}, {0, 0, 127, 255} }},
	{{ {14, -29, 2}, 0, {380, 228}, {0, 0, 127, 255} }},
	{{ {-16, -32, 2}, 0, {368, -16}, {0, 0, 127, 255} }},
};

Gfx castle_grounds_dl_Cube_001_mesh_layer_1_tri_0[] = {
	gsSPVertex(castle_grounds_dl_Cube_001_mesh_layer_1_vtx_0 + 0, 32, 0),
	gsSP2Triangles(0, 1, 2, 0, 0, 2, 3, 0),
	gsSP2Triangles(4, 5, 6, 0, 4, 6, 7, 0),
	gsSP2Triangles(8, 9, 10, 0, 8, 10, 11, 0),
	gsSP2Triangles(12, 13, 14, 0, 12, 14, 15, 0),
	gsSP2Triangles(16, 17, 18, 0, 16, 18, 19, 0),
	gsSP2Triangles(20, 21, 22, 0, 20, 22, 23, 0),
	gsSP2Triangles(24, 25, 26, 0, 24, 26, 27, 0),
	gsSP2Triangles(28, 29, 30, 0, 28, 30, 31, 0),
	gsSPVertex(castle_grounds_dl_Cube_001_mesh_layer_1_vtx_0 + 32, 12, 0),
	gsSP2Triangles(0, 1, 2, 0, 0, 2, 3, 0),
	gsSP2Triangles(4, 5, 6, 0, 5, 7, 6, 0),
	gsSP2Triangles(5, 8, 7, 0, 8, 9, 7, 0),
	gsSP2Triangles(8, 10, 9, 0, 10, 11, 9, 0),
	gsSP2Triangles(10, 4, 11, 0, 4, 6, 11, 0),
	gsSPEndDisplayList(),
};

Vtx castle_grounds_dl_Cube_001_mesh_layer_1_vtx_1[4] = {
	{{ {14, -29, 0}, 0, {1008, 2032}, {0, 0, 127, 255} }},
	{{ {14, 29, 0}, 0, {1008, -16}, {0, 0, 127, 255} }},
	{{ {-14, 29, 0}, 0, {-16, -16}, {0, 0, 127, 255} }},
	{{ {-14, -29, 0}, 0, {-16, 2032}, {0, 0, 127, 255} }},
};

Gfx castle_grounds_dl_Cube_001_mesh_layer_1_tri_1[] = {
	gsSPVertex(castle_grounds_dl_Cube_001_mesh_layer_1_vtx_1 + 0, 4, 0),
	gsSP2Triangles(0, 1, 2, 0, 0, 2, 3, 0),
	gsSPEndDisplayList(),
};

Vtx castle_grounds_dl_Cube_002_mesh_layer_1_vtx_cull[8] = {
	{{ {-16, -32, 2}, 0, {0, 0}, {0, 0, 0, 0} }},
	{{ {-16, 32, 2}, 0, {0, 0}, {0, 0, 0, 0} }},
	{{ {-16, 32, -2}, 0, {0, 0}, {0, 0, 0, 0} }},
	{{ {-16, -32, -2}, 0, {0, 0}, {0, 0, 0, 0} }},
	{{ {16, -32, 2}, 0, {0, 0}, {0, 0, 0, 0} }},
	{{ {16, 32, 2}, 0, {0, 0}, {0, 0, 0, 0} }},
	{{ {16, 32, -2}, 0, {0, 0}, {0, 0, 0, 0} }},
	{{ {16, -32, -2}, 0, {0, 0}, {0, 0, 0, 0} }},
};

Vtx castle_grounds_dl_Cube_002_mesh_layer_1_vtx_0[44] = {
	{{ {-16, -32, 2}, 0, {368, 1008}, {129, 0, 0, 255} }},
	{{ {-16, 32, 2}, 0, {624, 1008}, {129, 0, 0, 255} }},
	{{ {-16, 32, -2}, 0, {624, 752}, {129, 0, 0, 255} }},
	{{ {-16, -32, -2}, 0, {368, 752}, {129, 0, 0, 255} }},
	{{ {-16, -32, -2}, 0, {368, 752}, {0, 0, 129, 255} }},
	{{ {-16, 32, -2}, 0, {624, 752}, {0, 0, 129, 255} }},
	{{ {16, 32, -2}, 0, {624, 496}, {0, 0, 129, 255} }},
	{{ {16, -32, -2}, 0, {368, 496}, {0, 0, 129, 255} }},
	{{ {16, -32, -2}, 0, {368, 496}, {127, 0, 0, 255} }},
	{{ {16, 32, -2}, 0, {624, 496}, {127, 0, 0, 255} }},
	{{ {16, 32, 2}, 0, {624, 240}, {127, 0, 0, 255} }},
	{{ {16, -32, 2}, 0, {368, 240}, {127, 0, 0, 255} }},
	{{ {-14, 29, 2}, 0, {612, -4}, {127, 0, 0, 255} }},
	{{ {-14, -29, 2}, 0, {380, -4}, {127, 0, 0, 255} }},
	{{ {-14, -29, 0}, 0, {380, -4}, {127, 0, 0, 255} }},
	{{ {-14, 29, 0}, 0, {612, -4}, {127, 0, 0, 255} }},
	{{ {-16, -32, -2}, 0, {112, 496}, {0, 129, 0, 255} }},
	{{ {16, -32, -2}, 0, {368, 496}, {0, 129, 0, 255} }},
	{{ {16, -32, 2}, 0, {368, 240}, {0, 129, 0, 255} }},
	{{ {-16, -32, 2}, 0, {112, 240}, {0, 129, 0, 255} }},
	{{ {16, 32, -2}, 0, {624, 496}, {0, 127, 0, 255} }},
	{{ {-16, 32, -2}, 0, {880, 496}, {0, 127, 0, 255} }},
	{{ {-16, 32, 2}, 0, {880, 240}, {0, 127, 0, 255} }},
	{{ {16, 32, 2}, 0, {624, 240}, {0, 127, 0, 255} }},
	{{ {14, 29, 2}, 0, {612, 228}, {0, 129, 0, 255} }},
	{{ {-14, 29, 2}, 0, {612, -4}, {0, 129, 0, 255} }},
	{{ {-14, 29, 0}, 0, {612, -4}, {0, 129, 0, 255} }},
	{{ {14, 29, 0}, 0, {612, 228}, {0, 129, 0, 255} }},
	{{ {14, -29, 2}, 0, {380, 228}, {129, 0, 0, 255} }},
	{{ {14, 29, 2}, 0, {612, 228}, {129, 0, 0, 255} }},
	{{ {14, 29, 0}, 0, {612, 228}, {129, 0, 0, 255} }},
	{{ {14, -29, 0}, 0, {380, 228}, {129, 0, 0, 255} }},
	{{ {-14, -29, 2}, 0, {380, -4}, {0, 127, 0, 255} }},
	{{ {14, -29, 2}, 0, {380, 228}, {0, 127, 0, 255} }},
	{{ {14, -29, 0}, 0, {380, 228}, {0, 127, 0, 255} }},
	{{ {-14, -29, 0}, 0, {380, -4}, {0, 127, 0, 255} }},
	{{ {-14, -29, 2}, 0, {380, -4}, {0, 0, 127, 255} }},
	{{ {-14, 29, 2}, 0, {612, -4}, {0, 0, 127, 255} }},
	{{ {-16, 32, 2}, 0, {624, -16}, {0, 0, 127, 255} }},
	{{ {16, 32, 2}, 0, {624, 240}, {0, 0, 127, 255} }},
	{{ {14, 29, 2}, 0, {612, 228}, {0, 0, 127, 255} }},
	{{ {16, -32, 2}, 0, {368, 240}, {0, 0, 127, 255} }},
	{{ {14, -29, 2}, 0, {380, 228}, {0, 0, 127, 255} }},
	{{ {-16, -32, 2}, 0, {368, -16}, {0, 0, 127, 255} }},
};

Gfx castle_grounds_dl_Cube_002_mesh_layer_1_tri_0[] = {
	gsSPVertex(castle_grounds_dl_Cube_002_mesh_layer_1_vtx_0 + 0, 32, 0),
	gsSP2Triangles(0, 1, 2, 0, 0, 2, 3, 0),
	gsSP2Triangles(4, 5, 6, 0, 4, 6, 7, 0),
	gsSP2Triangles(8, 9, 10, 0, 8, 10, 11, 0),
	gsSP2Triangles(12, 13, 14, 0, 12, 14, 15, 0),
	gsSP2Triangles(16, 17, 18, 0, 16, 18, 19, 0),
	gsSP2Triangles(20, 21, 22, 0, 20, 22, 23, 0),
	gsSP2Triangles(24, 25, 26, 0, 24, 26, 27, 0),
	gsSP2Triangles(28, 29, 30, 0, 28, 30, 31, 0),
	gsSPVertex(castle_grounds_dl_Cube_002_mesh_layer_1_vtx_0 + 32, 12, 0),
	gsSP2Triangles(0, 1, 2, 0, 0, 2, 3, 0),
	gsSP2Triangles(4, 5, 6, 0, 5, 7, 6, 0),
	gsSP2Triangles(5, 8, 7, 0, 8, 9, 7, 0),
	gsSP2Triangles(8, 10, 9, 0, 10, 11, 9, 0),
	gsSP2Triangles(10, 4, 11, 0, 4, 6, 11, 0),
	gsSPEndDisplayList(),
};

Vtx castle_grounds_dl_Cube_002_mesh_layer_1_vtx_1[4] = {
	{{ {14, -29, 0}, 0, {1008, 2032}, {0, 0, 127, 255} }},
	{{ {14, 29, 0}, 0, {1008, -16}, {0, 0, 127, 255} }},
	{{ {-14, 29, 0}, 0, {-16, -16}, {0, 0, 127, 255} }},
	{{ {-14, -29, 0}, 0, {-16, 2032}, {0, 0, 127, 255} }},
};

Gfx castle_grounds_dl_Cube_002_mesh_layer_1_tri_1[] = {
	gsSPVertex(castle_grounds_dl_Cube_002_mesh_layer_1_vtx_1 + 0, 4, 0),
	gsSP2Triangles(0, 1, 2, 0, 0, 2, 3, 0),
	gsSPEndDisplayList(),
};

Vtx castle_grounds_dl_Plane_mesh_layer_1_vtx_cull[8] = {
	{{ {-5787, -1616, 4503}, 0, {0, 0}, {0, 0, 0, 0} }},
	{{ {-5787, 0, 4503}, 0, {0, 0}, {0, 0, 0, 0} }},
	{{ {-5787, 0, -4503}, 0, {0, 0}, {0, 0, 0, 0} }},
	{{ {-5787, -1616, -4503}, 0, {0, 0}, {0, 0, 0, 0} }},
	{{ {1950, -1616, 4503}, 0, {0, 0}, {0, 0, 0, 0} }},
	{{ {1950, 0, 4503}, 0, {0, 0}, {0, 0, 0, 0} }},
	{{ {1950, 0, -4503}, 0, {0, 0}, {0, 0, 0, 0} }},
	{{ {1950, -1616, -4503}, 0, {0, 0}, {0, 0, 0, 0} }},
};

Vtx castle_grounds_dl_Plane_mesh_layer_1_vtx_0[85] = {
	{{ {-1109, 0, -1107}, 0, {-142, 1146}, {220, 115, 39, 255} }},
	{{ {1950, 0, -4503}, 0, {-1826, 3292}, {0, 127, 0, 255} }},
	{{ {-1109, 0, -4503}, 0, {-142, 3292}, {0, 127, 0, 255} }},
	{{ {1950, 0, -1107}, 0, {-1826, 1146}, {0, 127, 0, 255} }},
	{{ {-709, 0, 0}, 0, {-142, 446}, {200, 114, 2, 255} }},
	{{ {-955, -330, -610}, 0, {-142, 1146}, {156, 68, 40, 255} }},
	{{ {-957, -330, 422}, 0, {-142, 446}, {159, 74, 221, 255} }},
	{{ {-1212, -739, -122}, 0, {-142, 1146}, {160, 83, 6, 255} }},
	{{ {-1459, -739, 551}, 0, {-142, 446}, {181, 84, 197, 255} }},
	{{ {-1552, -1129, 123}, 0, {-142, 1146}, {167, 87, 233, 255} }},
	{{ {-1845, -1129, 470}, 0, {-142, 446}, {204, 87, 179, 255} }},
	{{ {-2116, -1616, 0}, 0, {-142, 446}, {0, 127, 0, 255} }},
	{{ {-2080, -739, 912}, 0, {-142, -254}, {243, 89, 166, 255} }},
	{{ {-1618, -330, 1214}, 0, {-142, -254}, {213, 79, 166, 255} }},
	{{ {-1109, 0, 1107}, 0, {-142, -254}, {220, 118, 226, 255} }},
	{{ {1950, 0, 0}, 0, {-1826, 446}, {0, 127, 0, 255} }},
	{{ {1950, 0, 1107}, 0, {-1826, -254}, {0, 127, 0, 255} }},
	{{ {-1109, 0, 4503}, 0, {-142, -2401}, {0, 127, 0, 255} }},
	{{ {1950, 0, 4503}, 0, {-1826, -2401}, {0, 127, 0, 255} }},
	{{ {-5787, 0, -1107}, 0, {2815, 1146}, {0, 127, 0, 255} }},
	{{ {-3123, 0, -4503}, 0, {1131, 3292}, {0, 127, 0, 255} }},
	{{ {-5787, 0, -4503}, 0, {2815, 3292}, {0, 127, 0, 255} }},
	{{ {-3123, 0, -1107}, 0, {1131, 1146}, {36, 118, 30, 255} }},
	{{ {-5787, 0, 0}, 0, {2815, 446}, {0, 127, 0, 255} }},
	{{ {-3523, 0, 0}, 0, {1131, 446}, {56, 114, 254, 255} }},
	{{ {-5787, 0, 1107}, 0, {2815, -254}, {0, 127, 0, 255} }},
	{{ {-3123, 0, 1107}, 0, {1131, -254}, {36, 115, 217, 255} }},
	{{ {-5787, 0, 4503}, 0, {2815, -2401}, {0, 127, 0, 255} }},
	{{ {-3123, 0, 4503}, 0, {1131, -2401}, {0, 127, 0, 255} }},
	{{ {-3278, -330, 610}, 0, {1131, -254}, {100, 68, 216, 255} }},
	{{ {-3275, -330, -422}, 0, {1131, 446}, {97, 74, 35, 255} }},
	{{ {-3020, -739, 122}, 0, {1131, -254}, {96, 83, 250, 255} }},
	{{ {-3275, -330, -422}, 0, {1131, 446}, {97, 74, 35, 255} }},
	{{ {-3020, -739, 122}, 0, {1131, -254}, {96, 83, 250, 255} }},
	{{ {-2773, -739, -551}, 0, {1131, 446}, {75, 84, 59, 255} }},
	{{ {-2680, -1129, -123}, 0, {1131, -254}, {89, 87, 23, 255} }},
	{{ {-2388, -1129, -470}, 0, {1131, 446}, {52, 87, 77, 255} }},
	{{ {-2116, -1616, 0}, 0, {1131, 446}, {0, 127, 0, 255} }},
	{{ {-2153, -739, -912}, 0, {1131, 1146}, {13, 89, 90, 255} }},
	{{ {-2614, -330, -1214}, 0, {1131, 1146}, {43, 79, 90, 255} }},
	{{ {-1652, -330, -1274}, 0, {494, 1146}, {218, 74, 96, 255} }},
	{{ {-1510, -739, -722}, 0, {494, 1146}, {198, 88, 71, 255} }},
	{{ {-1940, -1129, -550}, 0, {1131, 1146}, {241, 90, 88, 255} }},
	{{ {-2116, -1616, 0}, 0, {1131, 1146}, {0, 127, 0, 255} }},
	{{ {-1599, -1129, -298}, 0, {494, 1146}, {181, 90, 48, 255} }},
	{{ {-2116, -1616, 0}, 0, {494, 1146}, {0, 127, 0, 255} }},
	{{ {-1212, -739, -122}, 0, {-142, 1146}, {160, 83, 6, 255} }},
	{{ {-955, -330, -610}, 0, {-142, 1146}, {156, 68, 40, 255} }},
	{{ {-1109, 0, -1107}, 0, {-142, 1146}, {220, 115, 39, 255} }},
	{{ {-2116, 0, -1546}, 0, {494, 1146}, {4, 118, 48, 255} }},
	{{ {-1109, 0, -4503}, 0, {-142, 3292}, {0, 127, 0, 255} }},
	{{ {-2116, 0, -4503}, 0, {494, 3292}, {0, 127, 0, 255} }},
	{{ {-3123, 0, -1107}, 0, {1131, 1146}, {36, 118, 30, 255} }},
	{{ {-3123, 0, -4503}, 0, {1131, 3292}, {0, 127, 0, 255} }},
	{{ {-3523, 0, 0}, 0, {1131, 446}, {56, 114, 254, 255} }},
	{{ {-2116, 0, 4503}, 0, {494, -2401}, {0, 127, 0, 255} }},
	{{ {-1109, 0, 4503}, 0, {-142, -2401}, {0, 127, 0, 255} }},
	{{ {-1109, 0, 1107}, 0, {-142, -254}, {220, 118, 226, 255} }},
	{{ {-2116, 0, 1546}, 0, {494, -254}, {252, 118, 208, 255} }},
	{{ {-1618, -330, 1214}, 0, {-142, -254}, {213, 79, 166, 255} }},
	{{ {-2580, -330, 1274}, 0, {494, -254}, {38, 74, 160, 255} }},
	{{ {-2080, -739, 912}, 0, {-142, -254}, {243, 89, 166, 255} }},
	{{ {-2722, -739, 722}, 0, {494, -254}, {58, 88, 185, 255} }},
	{{ {-2292, -1129, 550}, 0, {-142, -254}, {15, 90, 168, 255} }},
	{{ {-2722, -739, 722}, 0, {494, -254}, {58, 88, 185, 255} }},
	{{ {-2292, -1129, 550}, 0, {-142, -254}, {15, 90, 168, 255} }},
	{{ {-2633, -1129, 298}, 0, {494, -254}, {75, 90, 208, 255} }},
	{{ {-2116, -1616, 0}, 0, {494, -254}, {0, 127, 0, 255} }},
	{{ {-3020, -739, 122}, 0, {1131, -254}, {96, 83, 250, 255} }},
	{{ {-3278, -330, 610}, 0, {1131, -254}, {100, 68, 216, 255} }},
	{{ {-2580, -330, 1274}, 0, {494, -254}, {38, 74, 160, 255} }},
	{{ {-3123, 0, 1107}, 0, {1131, -254}, {36, 115, 217, 255} }},
	{{ {-2116, 0, 1546}, 0, {494, -254}, {252, 118, 208, 255} }},
	{{ {-3123, 0, 4503}, 0, {1131, -2401}, {0, 127, 0, 255} }},
	{{ {-2116, 0, 4503}, 0, {494, -2401}, {0, 127, 0, 255} }},
	{{ {-2680, -1129, -123}, 0, {1131, -254}, {89, 87, 23, 255} }},
	{{ {-2116, -1616, 0}, 0, {1131, -254}, {0, 127, 0, 255} }},
	{{ {-2080, -739, 912}, 0, {-142, -254}, {243, 89, 166, 255} }},
	{{ {-1845, -1129, 470}, 0, {-142, 446}, {204, 87, 179, 255} }},
	{{ {-2292, -1129, 550}, 0, {-142, -254}, {15, 90, 168, 255} }},
	{{ {-2116, -1616, 0}, 0, {-142, -254}, {0, 127, 0, 255} }},
	{{ {-1212, -739, -122}, 0, {-142, 1146}, {160, 83, 6, 255} }},
	{{ {-1599, -1129, -298}, 0, {494, 1146}, {181, 90, 48, 255} }},
	{{ {-1552, -1129, 123}, 0, {-142, 1146}, {167, 87, 233, 255} }},
	{{ {-2116, -1616, 0}, 0, {-142, 1146}, {0, 127, 0, 255} }},
};

Gfx castle_grounds_dl_Plane_mesh_layer_1_tri_0[] = {
	gsSPVertex(castle_grounds_dl_Plane_mesh_layer_1_vtx_0 + 0, 32, 0),
	gsSP2Triangles(0, 1, 2, 0, 0, 3, 1, 0),
	gsSP2Triangles(4, 3, 0, 0, 4, 0, 5, 0),
	gsSP2Triangles(4, 5, 6, 0, 6, 5, 7, 0),
	gsSP2Triangles(6, 7, 8, 0, 8, 7, 9, 0),
	gsSP2Triangles(8, 9, 10, 0, 10, 9, 11, 0),
	gsSP2Triangles(12, 8, 10, 0, 13, 8, 12, 0),
	gsSP2Triangles(13, 6, 8, 0, 14, 6, 13, 0),
	gsSP2Triangles(14, 4, 6, 0, 14, 15, 4, 0),
	gsSP2Triangles(14, 16, 15, 0, 17, 16, 14, 0),
	gsSP2Triangles(17, 18, 16, 0, 4, 15, 3, 0),
	gsSP2Triangles(19, 20, 21, 0, 19, 22, 20, 0),
	gsSP2Triangles(23, 22, 19, 0, 23, 24, 22, 0),
	gsSP2Triangles(25, 24, 23, 0, 25, 26, 24, 0),
	gsSP2Triangles(27, 26, 25, 0, 27, 28, 26, 0),
	gsSP2Triangles(24, 26, 29, 0, 24, 29, 30, 0),
	gsSP1Triangle(30, 29, 31, 0),
	gsSPVertex(castle_grounds_dl_Plane_mesh_layer_1_vtx_0 + 32, 32, 0),
	gsSP2Triangles(0, 1, 2, 0, 2, 1, 3, 0),
	gsSP2Triangles(2, 3, 4, 0, 4, 3, 5, 0),
	gsSP2Triangles(6, 2, 4, 0, 7, 2, 6, 0),
	gsSP2Triangles(8, 7, 6, 0, 8, 6, 9, 0),
	gsSP2Triangles(9, 6, 10, 0, 6, 4, 10, 0),
	gsSP2Triangles(10, 4, 11, 0, 9, 10, 12, 0),
	gsSP2Triangles(12, 10, 13, 0, 14, 9, 12, 0),
	gsSP2Triangles(15, 9, 14, 0, 15, 8, 9, 0),
	gsSP2Triangles(16, 8, 15, 0, 16, 17, 8, 0),
	gsSP2Triangles(17, 16, 18, 0, 17, 18, 19, 0),
	gsSP2Triangles(20, 17, 19, 0, 20, 19, 21, 0),
	gsSP2Triangles(17, 20, 7, 0, 20, 0, 7, 0),
	gsSP2Triangles(20, 22, 0, 0, 7, 0, 2, 0),
	gsSP2Triangles(17, 7, 8, 0, 23, 24, 25, 0),
	gsSP2Triangles(23, 25, 26, 0, 26, 25, 27, 0),
	gsSP2Triangles(26, 27, 28, 0, 28, 27, 29, 0),
	gsSP2Triangles(28, 29, 30, 0, 30, 29, 31, 0),
	gsSPVertex(castle_grounds_dl_Plane_mesh_layer_1_vtx_0 + 64, 21, 0),
	gsSP2Triangles(0, 1, 2, 0, 2, 1, 3, 0),
	gsSP2Triangles(4, 0, 2, 0, 5, 0, 4, 0),
	gsSP2Triangles(5, 6, 0, 0, 7, 6, 5, 0),
	gsSP2Triangles(7, 8, 6, 0, 9, 8, 7, 0),
	gsSP2Triangles(9, 10, 8, 0, 4, 2, 11, 0),
	gsSP2Triangles(11, 2, 12, 0, 13, 14, 15, 0),
	gsSP2Triangles(15, 14, 16, 0, 17, 18, 19, 0),
	gsSP1Triangle(19, 18, 20, 0),
	gsSPEndDisplayList(),
};

Gfx mat_castle_grounds_dl_f3dlite_material_001[] = {
	gsSPLightColor(LIGHT_1, 0xFFFFFFFF),
	gsSPLightColor(LIGHT_2, 0x7F7F7FFF),
	gsDPPipeSync(),
	gsDPSetCombineLERP(0, 0, 0, SHADE, 0, 0, 0, ENVIRONMENT, 0, 0, 0, SHADE, 0, 0, 0, ENVIRONMENT),
	gsDPSetAlphaDither(G_AD_NOISE),
	gsSPTexture(65535, 65535, 0, 0, 1),
	gsSPEndDisplayList(),
};

Gfx mat_revert_castle_grounds_dl_f3dlite_material_001[] = {
	gsDPPipeSync(),
	gsDPSetAlphaDither(G_AD_DISABLE),
	gsSPEndDisplayList(),
};

Gfx mat_castle_grounds_dl_boatside[] = {
	gsSPLightColor(LIGHT_1, 0xFFFFFFFF),
	gsSPLightColor(LIGHT_2, 0x7F7F7FFF),
	gsDPPipeSync(),
	gsDPSetCombineLERP(TEXEL0, 0, SHADE, 0, 0, 0, 0, ENVIRONMENT, TEXEL0, 0, SHADE, 0, 0, 0, 0, ENVIRONMENT),
	gsDPSetAlphaDither(G_AD_NOISE),
	gsDPSetTextureLUT(G_TT_RGBA16),
	gsSPTexture(65535, 65535, 0, 0, 1),
	gsDPSetTextureImage(G_IM_FMT_RGBA, G_IM_SIZ_16b, 1, castle_grounds_dl_boatside_pal_rgba16),
	gsDPSetTile(0, 0, 0, 256, 5, 0, G_TX_WRAP | G_TX_NOMIRROR, 0, 0, G_TX_WRAP | G_TX_NOMIRROR, 0, 0),
	gsDPLoadTLUTCmd(5, 12),
	gsDPSetTextureImage(G_IM_FMT_CI, G_IM_SIZ_16b, 1, castle_grounds_dl_boatside_ci4),
	gsDPSetTile(G_IM_FMT_CI, G_IM_SIZ_16b, 0, 0, 7, 0, G_TX_WRAP | G_TX_NOMIRROR, 0, 0, G_TX_WRAP | G_TX_NOMIRROR, 0, 0),
	gsDPLoadBlock(7, 0, 0, 255, 1024),
	gsDPSetTile(G_IM_FMT_CI, G_IM_SIZ_4b, 2, 0, 0, 0, G_TX_WRAP | G_TX_NOMIRROR, 5, 0, G_TX_WRAP | G_TX_NOMIRROR, 5, 0),
	gsDPSetTileSize(0, 0, 0, 124, 124),
	gsSPEndDisplayList(),
};

Gfx mat_revert_castle_grounds_dl_boatside[] = {
	gsDPPipeSync(),
	gsDPSetAlphaDither(G_AD_DISABLE),
	gsDPSetTextureLUT(G_TT_NONE),
	gsSPEndDisplayList(),
};

Gfx mat_castle_grounds_dl_wood[] = {
	gsSPLightColor(LIGHT_1, 0xFFFFFFFF),
	gsSPLightColor(LIGHT_2, 0x7F7F7FFF),
	gsDPPipeSync(),
	gsDPSetCombineLERP(TEXEL0, 0, SHADE, 0, 0, 0, 0, ENVIRONMENT, TEXEL0, 0, SHADE, 0, 0, 0, 0, ENVIRONMENT),
	gsDPSetAlphaDither(G_AD_NOISE),
	gsDPSetTextureLUT(G_TT_RGBA16),
	gsSPTexture(65535, 65535, 0, 0, 1),
	gsDPSetTextureImage(G_IM_FMT_RGBA, G_IM_SIZ_16b, 1, castle_grounds_dl_wood_pal_rgba16),
	gsDPSetTile(0, 0, 0, 256, 5, 0, G_TX_WRAP | G_TX_NOMIRROR, 0, 0, G_TX_WRAP | G_TX_NOMIRROR, 0, 0),
	gsDPLoadTLUTCmd(5, 8),
	gsDPSetTextureImage(G_IM_FMT_CI, G_IM_SIZ_8b_LOAD_BLOCK, 1, castle_grounds_dl_wood_ci8),
	gsDPSetTile(G_IM_FMT_CI, G_IM_SIZ_8b_LOAD_BLOCK, 0, 0, 7, 0, G_TX_WRAP | G_TX_NOMIRROR, 0, 0, G_TX_WRAP | G_TX_NOMIRROR, 0, 0),
	gsDPLoadBlock(7, 0, 0, 511, 512),
	gsDPSetTile(G_IM_FMT_CI, G_IM_SIZ_8b, 4, 0, 0, 0, G_TX_WRAP | G_TX_NOMIRROR, 5, 0, G_TX_WRAP | G_TX_NOMIRROR, 5, 0),
	gsDPSetTileSize(0, 0, 0, 124, 124),
	gsSPEndDisplayList(),
};

Gfx mat_revert_castle_grounds_dl_wood[] = {
	gsDPPipeSync(),
	gsDPSetAlphaDither(G_AD_DISABLE),
	gsDPSetTextureLUT(G_TT_NONE),
	gsSPEndDisplayList(),
};

Gfx mat_castle_grounds_dl_window_001[] = {
	gsSPGeometryMode(G_CULL_BACK, 0),
	gsSPLightColor(LIGHT_1, 0xFFFFFFFF),
	gsSPLightColor(LIGHT_2, 0x7F7F7FFF),
	gsDPPipeSync(),
	gsDPSetCombineLERP(TEXEL0, 0, SHADE, 0, TEXEL0, 0, ENVIRONMENT, 0, TEXEL0, 0, SHADE, 0, TEXEL0, 0, ENVIRONMENT, 0),
	gsDPSetAlphaDither(G_AD_NOISE),
	gsSPTexture(65535, 65535, 0, 0, 1),
	gsDPSetTextureImage(G_IM_FMT_IA, G_IM_SIZ_8b_LOAD_BLOCK, 1, castle_grounds_dl_window_ia8),
	gsDPSetTile(G_IM_FMT_IA, G_IM_SIZ_8b_LOAD_BLOCK, 0, 0, 7, 0, G_TX_WRAP | G_TX_NOMIRROR, 0, 0, G_TX_WRAP | G_TX_NOMIRROR, 0, 0),
	gsDPLoadBlock(7, 0, 0, 511, 512),
	gsDPSetTile(G_IM_FMT_IA, G_IM_SIZ_8b, 4, 0, 0, 0, G_TX_WRAP | G_TX_NOMIRROR, 5, 0, G_TX_WRAP | G_TX_NOMIRROR, 5, 0),
	gsDPSetTileSize(0, 0, 0, 124, 124),
	gsSPEndDisplayList(),
};

Gfx mat_revert_castle_grounds_dl_window_001[] = {
	gsSPGeometryMode(0, G_CULL_BACK),
	gsDPPipeSync(),
	gsDPSetAlphaDither(G_AD_DISABLE),
	gsSPEndDisplayList(),
};

Gfx mat_castle_grounds_dl_door[] = {
	gsSPGeometryMode(G_CULL_BACK, 0),
	gsSPLightColor(LIGHT_1, 0xFFFFFFFF),
	gsSPLightColor(LIGHT_2, 0x7F7F7FFF),
	gsDPPipeSync(),
	gsDPSetCombineLERP(TEXEL0, 0, SHADE, 0, TEXEL0, 0, ENVIRONMENT, 0, TEXEL0, 0, SHADE, 0, TEXEL0, 0, ENVIRONMENT, 0),
	gsDPSetAlphaDither(G_AD_NOISE),
	gsDPSetTextureLUT(G_TT_RGBA16),
	gsSPTexture(65535, 65535, 0, 0, 1),
	gsDPSetTextureImage(G_IM_FMT_RGBA, G_IM_SIZ_16b, 1, castle_grounds_dl_door_pal_rgba16),
	gsDPSetTile(0, 0, 0, 256, 5, 0, G_TX_WRAP | G_TX_NOMIRROR, 0, 0, G_TX_WRAP | G_TX_NOMIRROR, 0, 0),
	gsDPLoadTLUTCmd(5, 3),
	gsDPSetTextureImage(G_IM_FMT_CI, G_IM_SIZ_16b, 1, castle_grounds_dl_door_ci4),
	gsDPSetTile(G_IM_FMT_CI, G_IM_SIZ_16b, 0, 0, 7, 0, G_TX_WRAP | G_TX_NOMIRROR, 0, 0, G_TX_WRAP | G_TX_NOMIRROR, 0, 0),
	gsDPLoadBlock(7, 0, 0, 255, 1024),
	gsDPSetTile(G_IM_FMT_CI, G_IM_SIZ_4b, 2, 0, 0, 0, G_TX_WRAP | G_TX_NOMIRROR, 5, 0, G_TX_WRAP | G_TX_NOMIRROR, 5, 0),
	gsDPSetTileSize(0, 0, 0, 124, 124),
	gsSPEndDisplayList(),
};

Gfx mat_revert_castle_grounds_dl_door[] = {
	gsSPGeometryMode(0, G_CULL_BACK),
	gsDPPipeSync(),
	gsDPSetAlphaDither(G_AD_DISABLE),
	gsDPSetTextureLUT(G_TT_NONE),
	gsSPEndDisplayList(),
};

Gfx mat_castle_grounds_dl_whiskey[] = {
	gsSPLightColor(LIGHT_1, 0xFFFFFFFF),
	gsSPLightColor(LIGHT_2, 0x7F7F7FFF),
	gsDPPipeSync(),
	gsDPSetCombineLERP(TEXEL0, 0, SHADE, 0, 0, 0, 0, ENVIRONMENT, TEXEL0, 0, SHADE, 0, 0, 0, 0, ENVIRONMENT),
	gsDPSetAlphaDither(G_AD_NOISE),
	gsSPTexture(65535, 65535, 0, 0, 1),
	gsDPSetTextureImage(G_IM_FMT_RGBA, G_IM_SIZ_16b_LOAD_BLOCK, 1, castle_grounds_dl_whky_rgba16),
	gsDPSetTile(G_IM_FMT_RGBA, G_IM_SIZ_16b_LOAD_BLOCK, 0, 0, 7, 0, G_TX_WRAP | G_TX_NOMIRROR, 0, 0, G_TX_WRAP | G_TX_NOMIRROR, 0, 0),
	gsDPLoadBlock(7, 0, 0, 2047, 256),
	gsDPSetTile(G_IM_FMT_RGBA, G_IM_SIZ_16b, 8, 0, 0, 0, G_TX_WRAP | G_TX_NOMIRROR, 6, 0, G_TX_WRAP | G_TX_NOMIRROR, 5, 0),
	gsDPSetTileSize(0, 0, 0, 124, 252),
	gsSPEndDisplayList(),
};

Gfx mat_revert_castle_grounds_dl_whiskey[] = {
	gsDPPipeSync(),
	gsDPSetAlphaDither(G_AD_DISABLE),
	gsSPEndDisplayList(),
};

Gfx mat_castle_grounds_dl_woods[] = {
	gsSPLightColor(LIGHT_1, 0xFFFFFFFF),
	gsSPLightColor(LIGHT_2, 0x7F7F7FFF),
	gsDPPipeSync(),
	gsDPSetCombineLERP(TEXEL0, 0, SHADE, 0, 0, 0, 0, ENVIRONMENT, TEXEL0, 0, SHADE, 0, 0, 0, 0, ENVIRONMENT),
	gsDPSetAlphaDither(G_AD_NOISE),
	gsDPSetTextureLUT(G_TT_RGBA16),
	gsSPTexture(65535, 65535, 0, 0, 1),
	gsDPSetTextureImage(G_IM_FMT_RGBA, G_IM_SIZ_16b, 1, castle_grounds_dl_wdstck_pal_rgba16),
	gsDPSetTile(0, 0, 0, 256, 5, 0, G_TX_WRAP | G_TX_NOMIRROR, 0, 0, G_TX_WRAP | G_TX_NOMIRROR, 0, 0),
	gsDPLoadTLUTCmd(5, 233),
	gsDPSetTextureImage(G_IM_FMT_CI, G_IM_SIZ_8b_LOAD_BLOCK, 1, castle_grounds_dl_wdstck_ci8),
	gsDPSetTile(G_IM_FMT_CI, G_IM_SIZ_8b_LOAD_BLOCK, 0, 0, 7, 0, G_TX_WRAP | G_TX_NOMIRROR, 0, 0, G_TX_WRAP | G_TX_NOMIRROR, 0, 0),
	gsDPLoadBlock(7, 0, 0, 1023, 512),
	gsDPSetTile(G_IM_FMT_CI, G_IM_SIZ_8b, 4, 0, 0, 0, G_TX_WRAP | G_TX_NOMIRROR, 6, 0, G_TX_WRAP | G_TX_NOMIRROR, 5, 0),
	gsDPSetTileSize(0, 0, 0, 124, 252),
	gsSPEndDisplayList(),
};

Gfx mat_revert_castle_grounds_dl_woods[] = {
	gsDPPipeSync(),
	gsDPSetAlphaDither(G_AD_DISABLE),
	gsDPSetTextureLUT(G_TT_NONE),
	gsSPEndDisplayList(),
};

Gfx mat_castle_grounds_dl_f3dlite_material_002[] = {
	gsSPLightColor(LIGHT_1, 0xFFFFFFFF),
	gsSPLightColor(LIGHT_2, 0x7F7F7FFF),
	gsDPPipeSync(),
	gsDPSetCombineLERP(TEXEL0, 0, SHADE, 0, 0, 0, 0, ENVIRONMENT, TEXEL0, 0, SHADE, 0, 0, 0, 0, ENVIRONMENT),
	gsDPSetAlphaDither(G_AD_NOISE),
	gsDPSetTextureLUT(G_TT_RGBA16),
	gsSPTexture(65535, 65535, 0, 0, 1),
	gsDPSetTextureImage(G_IM_FMT_RGBA, G_IM_SIZ_16b, 1, castle_grounds_dl_water_light_2_rgba16_pal_rgba16),
	gsDPSetTile(0, 0, 0, 256, 5, 0, G_TX_WRAP | G_TX_NOMIRROR, 0, 0, G_TX_WRAP | G_TX_NOMIRROR, 0, 0),
	gsDPLoadTLUTCmd(5, 19),
	gsDPSetTextureImage(G_IM_FMT_CI, G_IM_SIZ_8b_LOAD_BLOCK, 1, castle_grounds_dl_water_light_2_rgba16_ci8),
	gsDPSetTile(G_IM_FMT_CI, G_IM_SIZ_8b_LOAD_BLOCK, 0, 0, 7, 0, G_TX_WRAP | G_TX_NOMIRROR, 0, 0, G_TX_WRAP | G_TX_NOMIRROR, 0, 0),
	gsDPLoadBlock(7, 0, 0, 511, 512),
	gsDPSetTile(G_IM_FMT_CI, G_IM_SIZ_8b, 4, 0, 0, 0, G_TX_WRAP | G_TX_NOMIRROR, 5, 0, G_TX_WRAP | G_TX_NOMIRROR, 5, 0),
	gsDPSetTileSize(0, 0, 0, 124, 124),
	gsSPEndDisplayList(),
};

Gfx mat_revert_castle_grounds_dl_f3dlite_material_002[] = {
	gsDPPipeSync(),
	gsDPSetAlphaDither(G_AD_DISABLE),
	gsDPSetTextureLUT(G_TT_NONE),
	gsSPEndDisplayList(),
};

Gfx castle_grounds_dl_Cube_mesh_layer_1[] = {
	gsSPClearGeometryMode(G_LIGHTING),
	gsSPVertex(castle_grounds_dl_Cube_mesh_layer_1_vtx_cull + 0, 8, 0),
	gsSPSetGeometryMode(G_LIGHTING),
	gsSPCullDisplayList(0, 7),
	gsSPDisplayList(mat_castle_grounds_dl_f3dlite_material_001),
	gsSPDisplayList(castle_grounds_dl_Cube_mesh_layer_1_tri_0),
	gsSPDisplayList(mat_revert_castle_grounds_dl_f3dlite_material_001),
	gsSPDisplayList(mat_castle_grounds_dl_boatside),
	gsSPDisplayList(castle_grounds_dl_Cube_mesh_layer_1_tri_1),
	gsSPDisplayList(mat_revert_castle_grounds_dl_boatside),
	gsSPDisplayList(mat_castle_grounds_dl_wood),
	gsSPDisplayList(castle_grounds_dl_Cube_mesh_layer_1_tri_2),
	gsSPDisplayList(mat_revert_castle_grounds_dl_wood),
	gsSPEndDisplayList(),
};

Gfx castle_grounds_dl_Cube_mesh_layer_4[] = {
	gsSPClearGeometryMode(G_LIGHTING),
	gsSPVertex(castle_grounds_dl_Cube_mesh_layer_4_vtx_cull + 0, 8, 0),
	gsSPSetGeometryMode(G_LIGHTING),
	gsSPCullDisplayList(0, 7),
	gsSPDisplayList(mat_castle_grounds_dl_window_001),
	gsSPDisplayList(castle_grounds_dl_Cube_mesh_layer_4_tri_0),
	gsSPDisplayList(mat_revert_castle_grounds_dl_window_001),
	gsSPDisplayList(mat_castle_grounds_dl_door),
	gsSPDisplayList(castle_grounds_dl_Cube_mesh_layer_4_tri_1),
	gsSPDisplayList(mat_revert_castle_grounds_dl_door),
	gsDPPipeSync(),
	gsSPSetGeometryMode(G_LIGHTING),
	gsSPClearGeometryMode(G_TEXTURE_GEN),
	gsDPSetCombineLERP(0, 0, 0, SHADE, 0, 0, 0, ENVIRONMENT, 0, 0, 0, SHADE, 0, 0, 0, ENVIRONMENT),
	gsSPTexture(65535, 65535, 0, 0, 0),
	gsDPSetEnvColor(255, 255, 255, 255),
	gsDPSetAlphaCompare(G_AC_NONE),
	gsSPEndDisplayList(),
};

Gfx castle_grounds_dl_Cube_001_mesh_layer_1[] = {
	gsSPClearGeometryMode(G_LIGHTING),
	gsSPVertex(castle_grounds_dl_Cube_001_mesh_layer_1_vtx_cull + 0, 8, 0),
	gsSPSetGeometryMode(G_LIGHTING),
	gsSPCullDisplayList(0, 7),
	gsSPDisplayList(mat_castle_grounds_dl_wood),
	gsSPDisplayList(castle_grounds_dl_Cube_001_mesh_layer_1_tri_0),
	gsSPDisplayList(mat_revert_castle_grounds_dl_wood),
	gsSPDisplayList(mat_castle_grounds_dl_whiskey),
	gsSPDisplayList(castle_grounds_dl_Cube_001_mesh_layer_1_tri_1),
	gsSPDisplayList(mat_revert_castle_grounds_dl_whiskey),
	gsSPEndDisplayList(),
};

Gfx castle_grounds_dl_Cube_002_mesh_layer_1[] = {
	gsSPClearGeometryMode(G_LIGHTING),
	gsSPVertex(castle_grounds_dl_Cube_002_mesh_layer_1_vtx_cull + 0, 8, 0),
	gsSPSetGeometryMode(G_LIGHTING),
	gsSPCullDisplayList(0, 7),
	gsSPDisplayList(mat_castle_grounds_dl_wood),
	gsSPDisplayList(castle_grounds_dl_Cube_002_mesh_layer_1_tri_0),
	gsSPDisplayList(mat_revert_castle_grounds_dl_wood),
	gsSPDisplayList(mat_castle_grounds_dl_woods),
	gsSPDisplayList(castle_grounds_dl_Cube_002_mesh_layer_1_tri_1),
	gsSPDisplayList(mat_revert_castle_grounds_dl_woods),
	gsSPEndDisplayList(),
};

Gfx castle_grounds_dl_Plane_mesh_layer_1[] = {
	gsSPClearGeometryMode(G_LIGHTING),
	gsSPVertex(castle_grounds_dl_Plane_mesh_layer_1_vtx_cull + 0, 8, 0),
	gsSPSetGeometryMode(G_LIGHTING),
	gsSPCullDisplayList(0, 7),
	gsSPDisplayList(mat_castle_grounds_dl_f3dlite_material_002),
	gsSPDisplayList(castle_grounds_dl_Plane_mesh_layer_1_tri_0),
	gsSPDisplayList(mat_revert_castle_grounds_dl_f3dlite_material_002),
	gsDPPipeSync(),
	gsSPSetGeometryMode(G_LIGHTING),
	gsSPClearGeometryMode(G_TEXTURE_GEN),
	gsDPSetCombineLERP(0, 0, 0, SHADE, 0, 0, 0, ENVIRONMENT, 0, 0, 0, SHADE, 0, 0, 0, ENVIRONMENT),
	gsSPTexture(65535, 65535, 0, 0, 0),
	gsDPSetEnvColor(255, 255, 255, 255),
	gsDPSetAlphaCompare(G_AC_NONE),
	gsSPEndDisplayList(),
};

